-1.190000000000002,-265.08,7.5,7.5
-1.1900480173320889,-267.0186291880868,7.5,7.5
-1.1900872477940339,-268.9572583763715,7.5,7.5
-1.1901039476968989,-270.89588756498097,7.5,7.5
-1.19008437363852,-272.8345167535636,7.5,7.5
-1.1900147821860205,-274.7731459409961,7.5,7.5
-1.1898895892261692,-276.71177512563514,7.5,7.5
-1.1897526353035102,-278.6504043094792,7.5,7.5
-1.1896667173355124,-280.5890334962566,7.5,7.5
-1.1896946890262023,-282.52766268473664,7.5,7.5
-1.1898994128759355,-284.4662918626078,7.5,7.5
-1.1903233120552348,-286.40492100494504,7.5,7.5
-1.190823684787938,-288.34355012905155,7.5,7.5
-1.1911512336010732,-290.28217929006314,7.5,7.5
-1.191054820055827,-292.22080847634334,7.5,7.5
-1.1902834373467879,-294.15943751155834,7.5,7.5
-1.188517669485221,-296.09806589615886,7.5,7.5
-1.1840126376888012,-298.0366898503872,7.5,7.5
-1.1734761924912755,-299.9752904062803,7.5,7.5
-1.1535199503979123,-301.9138168775239,7.5,7.5
-1.1207535627443554,-303.85216913980514,7.5,7.5
-1.071793374309997,-305.7901799806519,7.5,7.5
-1.0049164731974682,-307.72765529941597,7.5,7.5
-0.9223991125706313,-309.6645275230715,7.5,7.5
-0.827122648249803,-311.6008140535497,7.5,7.5
-0.7219653254178375,-313.5365891099371,7.5,7.5
-0.6098012604467833,-315.4719708180165,7.5,7.5
-0.49266562774819056,-317.4070579930207,7.5,7.5
-0.3682585234643854,-319.3416912931414,7.5,7.5
-0.23287406794543347,-321.2755874078965,7.5,7.5
-0.08280612682275,-323.20839954101166,7.5,7.5
0.08564770996649794,-325.13969610701866,7.5,7.5
0.27596335298503333,-327.06896101156065,7.5,7.5
0.48833997880042984,-328.99592216688006,7.5,7.5
0.7202401777449338,-330.920631347004,7.5,7.5
0.9690335748135696,-332.84322984434436,7.5,7.5
1.2321007366482561,-334.7639273232523,7.5,7.5
1.5068721593039491,-336.68298537353655,7.5,7.5
1.7923290130066696,-338.6004830975032,7.5,7.5
2.090155661418284,-340.51609851344745,7.5,7.5
2.402406191664107,-342.4294157213459,7.5,7.5
2.7311283051191495,-344.33997189779564,7.5,7.5
3.0783558744061126,-346.2472516709988,7.5,7.5
3.4451757578480167,-348.15087029826543,7.5,7.5
3.8305303639702206,-350.05082017385854,7.5,7.5
4.232396105229822,-351.9473387266804,7.5,7.5
4.6484615728199925,-353.84079425342566,7.5,7.5
5.0765257788583815,-355.73157288068927,7.5,7.5
5.514494630224806,-357.62008217015,7.5,7.5
5.961264702200288,-359.50652836713243,7.5,7.5
6.416562302989378,-361.3909347177553,7.5,7.5
6.880108240163775,-363.2733290529051,7.5,7.5
7.351649120939986,-365.15373641166684,7.5,7.5
7.830896405527572,-367.0321948840047,7.5,7.5
8.318700474852236,-368.9084491895713,7.5,7.5
8.817377961257373,-370.78184294729886,7.5,7.5
9.329470316817494,-372.6516140686224,7.5,7.5
9.857427786934162,-374.516968136537,7.5,7.5
10.403856587730306,-376.3769940350148,7.5,7.5
10.970112928553943,-378.2310799897425,7.5,7.5
11.554636370883404,-380.0794893466391,7.5,7.5
12.154649598606056,-381.92292821633345,7.5,7.5
12.767581493236555,-383.76211220360733,7.5,7.5
13.390757157370997,-385.59785053556305,7.5,7.5
14.02202607079393,-387.4308219956119,7.5,7.5
14.66177112080482,-389.26085166192695,7.5,7.5
15.312185169770505,-391.087117036764,7.5,7.5
15.975361513410267,-392.90878657437605,7.5,7.5
16.65341295347048,-394.72497231014603,7.5,7.5
17.34837588494624,-396.53475318480474,7.5,7.5
18.060935166121762,-398.33767945417463,7.5,7.5
18.79020431334122,-400.1339114512923,7.5,7.5
19.535082582948167,-401.9237271919282,7.5,7.5
20.29451204115046,-403.7074162965578,7.5,7.5
21.067448773924163,-405.4852988049403,7.5,7.5
21.853670872966973,-407.25734865960214,7.5,7.5
22.654138929855087,-409.0230027293526,7.5,7.5
23.47103778120902,-410.78111516420256,7.5,7.5
24.306294578508528,-412.5305805567614,7.5,7.5
25.16179796775481,-414.2702349146456,7.5,7.5
26.039151757343497,-415.9989724047483,7.5,7.5
26.93661357044115,-417.7173569257385,7.5,7.5
27.850249415251962,-419.4271968890597,7.5,7.5
28.7761282475479,-421.1304383656528,7.5,7.5
29.710374443064023,-422.82910465343565,7.5,7.5
30.649194472005142,-424.5252473628935,7.5,7.5
31.59125689292498,-426.21959135156453,7.5,7.5
32.53842129622421,-427.9110885312486,7.5,7.5
33.492773132561524,-429.5985409639687,7.5,7.5
34.456377523382876,-431.2807269498279,7.5,7.5
35.431281644988836,-432.9563895550653,7.5,7.5
36.41874670827756,-434.62468082951955,7.5,7.5
37.41785171197143,-436.28602737866754,7.5,7.5
38.42727796145506,-437.9411230749173,7.5,7.5
39.44572285571833,-439.59068457599506,7.5,7.5
40.47189819853358,-441.2354481642941,7.5,7.5
41.50478577362316,-442.87600490504076,7.5,7.5
42.544984492854226,-444.51193575761806,7.5,7.5
43.59375522645826,-446.1423844941865,7.5,7.5
44.65235360973817,-447.7664696466472,7.5,7.5
45.72201837613193,-449.38328764689066,7.5,7.5
46.8039148401675,-450.99194645629404,7.5,7.5
47.89840044433175,-452.59206656752684,7.5,7.5
49.0051163173447,-454.18375218886655,7.5,7.5
50.123663526244485,-455.7671457840774,7.5,7.5
51.25365002339538,-457.34239612308426,7.5,7.5
52.39469864429452,-458.9096520779068,7.5,7.5
53.54673854065116,-460.46884642165037,7.5,7.5
54.71021385868098,-462.01953438083643,7.5,7.5
55.885590492463024,-463.5612169391998,7.5,7.5
57.07341832433064,-465.09332195746134,7.5,7.5
58.27431081374142,-466.61520924212914,7.5,7.5
59.48858321746441,-468.12644202942835,7.5,7.5
60.7158575148444,-469.62713572155815,7.5,7.5
61.95535833593602,-471.1177465406308,7.5,7.5
63.206364384318114,-472.5987148599315,7.5,7.5
64.46814969405877,-474.0705098860785,7.5,7.5
65.74005072073392,-475.53357244595105,7.5,7.5
67.02203889649415,-476.98780384574053,7.5,7.5
68.31468556405191,-478.43256954717015,7.5,7.5
69.61856085339149,-479.8672096405334,7.5,7.5
70.93421942341448,-481.2910516405204,7.5,7.5
72.26221654806194,-482.7033922843215,7.5,7.5
73.60284622873739,-484.1037476636223,7.5,7.5
74.95599816821631,-485.4920066733454,7.5,7.5
76.3214676135496,-486.8681520986942,7.5,7.5
77.69906398377647,-488.2321577821059,7.5,7.5
79.08860509738307,-489.5839930151211,7.5,7.5
80.48983474781109,-490.9237087725397,7.5,7.5
81.90226944417493,-492.2516062016592,7.5,7.5
83.32530665616912,-493.56813497903255,7.5,7.5
84.7583649330217,-494.8737488854056,7.5,7.5
86.20087426646721,-496.1689122042623,7.5,7.5
87.65227752406295,-497.45410505358416,7.5,7.5
89.11217648334447,-498.7296428463909,7.5,7.5
90.58034443769878,-499.99564692256826,7.5,7.5
92.05655768968911,-501.2522604197009,7.5,7.5
93.54058399007762,-502.4996373032517,7.5,7.5
95.03219578143742,-503.737933456851,7.5,7.5
96.53141552986162,-504.96700763075364,7.5,7.5
98.03873357896472,-506.1861365868615,7.5,7.5
99.55469193319787,-507.3945046653355,7.5,7.5
101.07981551772343,-508.5912841617303,7.5,7.5
102.61461156941824,-509.775633887565,7.5,7.5
104.15948400150211,-510.946809468107,7.5,7.5
105.71438017912661,-512.104644094688,7.5,7.5
107.27910481268363,-513.2491614401949,7.5,7.5
108.85346520757014,-514.3803875350253,7.5,7.5
110.43727164483694,-515.4983501070877,7.5,7.5
112.03033322259654,-516.6030844364416,7.5,7.5
113.6323914490504,-517.694731159369,7.5,7.5
115.24313835641345,-518.7735163722635,7.5,7.5
116.86227067695307,-519.8396747379743,7.5,7.5
118.48949240170099,-520.8934453917998,7.5,7.5
120.12451468164538,-521.9350716565788,7.5,7.5
121.76706687700866,-522.9647829850887,7.5,7.5
123.41690278157682,-523.9827832891679,7.5,7.5
125.07378395594503,-524.9892761637656,7.5,7.5
126.73747715303905,-525.9844686455609,7.5,7.5
128.40775434539418,-526.9685708983911,7.5,7.5
130.08435881868226,-527.9418542890022,7.5,7.5
131.7669273191884,-528.9047906186895,7.5,7.5
133.45506901768363,-529.8579226860966,7.5,7.5
135.14840267390554,-530.8017999314106,7.5,7.5
136.84655709346515,-531.7369762399954,7.5,7.5
138.54921474393868,-532.6639281655328,7.5,7.5
140.25635692086024,-533.582600934965,7.5,7.5
141.96813833569965,-534.4925968700142,7.5,7.5
143.68473179585973,-535.3934793305638,7.5,7.5
145.4062991416428,-536.2848203364204,7.5,7.5
147.13299440686768,-537.1661872853209,7.5,7.5
148.86535052696084,-538.0363741441405,7.5,7.5
150.6043573843012,-538.8931930748396,7.5,7.5
152.35102080908595,-539.7342931276872,7.5,7.5
154.10625936681666,-540.5573502117338,7.5,7.5
155.87099352345803,-541.3598420580428,7.5,7.5
157.64552930234137,-542.1404212844963,7.5,7.5
159.4289104412934,-542.9005769396396,7.5,7.5
161.21974199002563,-543.6430088179411,7.5,7.5
163.01678691677748,-544.3702726899185,7.5,7.5
164.81882665514536,-545.0850705581908,7.5,7.5
166.6248921895,-545.7896360167256,7.5,7.5
168.43498492981254,-546.4837875205914,7.5,7.5
170.24979257095006,-547.1655184071801,7.5,7.5
172.06992896397628,-547.8328909092317,7.5,7.5
173.89597862788824,-548.483911416296,7.5,7.5
175.7284380165908,-549.1166599727962,7.5,7.5
177.56702176600507,-549.7313912574068,7.5,7.5
179.41057646179982,-550.3310487660937,7.5,7.5
181.25789955743522,-550.9189951520866,7.5,7.5
183.10788002490534,-551.4985252244082,7.5,7.5
184.9594142268126,-552.0730730368211,7.5,7.5
186.81211514407764,-552.6438465320756,7.5,7.5
188.66682848927556,-553.2080484782091,7.5,7.5
190.52478070683227,-553.7614820706102,7.5,7.5
192.38703161555796,-554.300314083299,7.5,7.5
194.25454937349093,-554.8206003960877,7.5,7.5
196.12812902810492,-555.3185788950311,7.5,7.5
198.0076533153869,-555.7936276413777,7.5,7.5
199.89250636364494,-556.2470725262277,7.5,7.5
201.78210806596732,-556.6803028169983,7.5,7.5
203.67592759590514,-557.0947069456543,7.5,7.5
205.57347671032838,-557.4916836304639,7.5,7.5
207.47423782024646,-557.8729844227458,7.5,7.5
209.37765167432912,-558.2408143375353,7.5,7.5
211.28319852488497,-558.5974294489741,7.5,7.5
213.19039964920967,-558.9450887652681,7.5,7.5
215.09880634276365,-559.286068157114,7.5,7.5
217.008206355002,-559.6214408741365,7.5,7.5
218.91892648432434,-559.9492085607409,7.5,7.5
220.83135975526923,-560.2668281109629,7.5,7.5
222.7458575758997,-560.5717561267029,7.5,7.5
224.6627210884287,-560.8614418080463,7.5,7.5
226.58212404218153,-561.1337927672054,7.5,7.5
228.5037977374411,-561.3896313732039,7.5,7.5
230.4273415052366,-561.6310075884841,7.5,7.5
232.35239850815222,-561.8600026480331,7.5,7.5
234.2786539437911,-562.0786873262113,7.5,7.5
236.20584885496936,-562.2889322643296,7.5,7.5
238.13406690832352,-562.4895773586777,7.5,7.5
240.0636296060398,-562.6768490952084,7.5,7.5
241.99479748075458,-562.8467737776051,7.5,7.5
243.92772285248617,-562.9953690410927,7.5,7.5
245.86241620207812,-563.1191761868392,7.5,7.5
247.79860221449866,-563.2166052621807,7.5,7.5
249.73584007181617,-563.2900455280125,7.5,7.5
251.67369635549997,-563.3447775262032,7.5,7.5
253.61190244867592,-563.3852828401281,7.5,7.5
255.5502830671877,-563.4163379089468,7.5,7.5
257.48874290998504,-563.4419677239309,7.5,7.5
259.42724668472107,-563.4640132451899,7.5,7.5
261.36578206302033,-563.4830874754525,7.5,7.5
263.30433812590735,-563.4999246832227,7.5,7.5
265.24290689322396,-563.5152311688402,7.5,7.5
267.181482417033,-563.5296562158926,7.5,7.5
269.1200622862801,-563.543484221148,7.5,7.5
271.0586463073468,-563.5567177932214,7.5,7.5
272.9972342036475,-563.5693708022944,7.5,7.5
274.9358257514148,-563.5814514479014,7.5,7.5
276.87442072054165,-563.592970048311,7.5,7.5
278.81301890391984,-563.6039341166145,7.5,7.5
280.7516200583906,-563.6143602692628,7.5,7.5
282.6902241108008,-563.6242315088558,7.5,7.5
284.6288303770213,-563.6336592816673,7.5,7.5
286.56743936146574,-563.6425098076264,7.5,7.5
288.50605061649725,-563.6508486140381,7.5,7.5
290.4446639339309,-563.6586930786507,7.5,7.5
292.38327916098444,-563.6660505926283,7.5,7.5
294.32189613916916,-563.6729312158251,7.5,7.5
296.2605147204445,-563.6793442944872,7.5,7.5
298.1991347627229,-563.6852993654517,7.5,7.5
300.1377561308936,-563.6908059143934,7.5,7.5
302.07637869637256,-563.6958734404526,7.5,7.5
304.01500233704536,-563.7005114389468,7.5,7.5
305.9536269371059,-563.7047294059839,7.5,7.5
307.892252386922,-563.7085368372226,7.5,7.5
309.8308785828932,-563.7119432281952,7.5,7.5
311.76950542731436,-563.7149580742182,7.5,7.5
313.70813282823264,-563.7175908704103,7.5,7.5
315.6467606993095,-563.7198511116821,7.5,7.5
317.585388959681,-563.7217482927376,7.5,7.5
319.5240175338175,-563.7232919080689,7.5,7.5
321.4626463513846,-563.7244914519571,7.5,7.5
323.40127534710297,-563.7253564184704,7.5,7.5
325.3399044606093,-563.7258963014627,7.5,7.5
327.2785336363156,-563.7261205945758,7.5,7.5
329.21716282327105,-563.7260387912384,7.5,7.5
331.1557919750214,-563.725660384667,7.5,7.5
333.09442104946936,-563.7249948678682,7.5,7.5
335.03305000873564,-563.7240517336407,7.5,7.5
336.9716788190186,-563.7228404745771,7.5,7.5
338.91030745045555,-563.7213705830659,7.5,7.5
340.84893587698235,-563.7196515512969,7.5,7.5
342.78756407619437,-563.7176928712632,7.5,7.5
344.72619202920714,-563.7155040347653,7.5,7.5
346.6648197205165,-563.7130945334155,7.5,7.5
348.60344713785895,-563.7104738586438,7.5,7.5
350.54207427207257,-563.7076515016976,7.5,7.5
352.4807011169574,-563.7046369536666,7.5,7.5
354.41932766913584,-563.7014397054154,7.5,7.5
356.3579539279139,-563.698069247862,7.5,7.5
358.29657989513953,-563.6945350709682,7.5,7.5
360.235205575071,-563.6908466675352,7.5,7.5
362.1738309742067,-563.6870135190669,7.5,7.5
364.112456101266,-563.68304514857,7.5,7.5
366.0510809665923,-563.6789509234989,7.5,7.5
367.989705583733,-563.6747407913639,7.5,7.5
369.92832996287007,-563.6704225337932,7.5,7.5
371.8669541346919,-563.6660120172012,7.5,7.5
373.8055779295597,-563.6614389844372,7.5,7.5
375.74420175098123,-563.6568772764798,7.5,7.5
377.6828253557361,-563.6522241762202,7.5,7.5
379.6214488315739,-563.6475178277566,7.5,7.5
381.56007218200443,-563.6427600422627,7.5,7.5
383.498695434075,-563.6379623663485,7.5,7.5
385.43731860931325,-563.633133737922,7.5,7.5
387.3759417313376,-563.6282837938496,7.5,7.5
389.3145648236411,-563.6234219836688,7.5,7.5
391.25318791000814,-563.618557807082,7.5,7.5
393.19181101422646,-563.613700750331,7.5,7.5
395.1304341599877,-563.6088603032573,7.5,7.5
397.0690573707373,-563.6040459547405,7.5,7.5
399.0076806695385,-563.5992671939325,7.5,7.5
400.9463040789312,-563.5945335099373,7.5,7.5
402.88492762079375,-563.5898543919074,7.5,7.5
404.8235513162034,-563.58523932903,7.5,7.5
406.76217518529677,-563.5806978105398,7.5,7.5
408.700799247131,-563.5762393257274,7.5,7.5
410.6394235195437,-563.5718733639476,7.5,7.5
412.5780480190137,-563.5676094146249,7.5,7.5
414.5166727605224,-563.5634569672659,7.5,7.5
416.45529775741414,-563.5594255114642,7.5,7.5
418.3939230212562,-563.5555245369076,7.5,7.5
420.33254856170026,-563.5517635333877,7.5,7.5
422.2711743863424,-563.5481519908051,7.5,7.5
424.2098005005842,-563.5446993991783,7.5,7.5
426.1484269074933,-563.5414152486484,7.5,7.5
428.08705360766317,-563.5383090294887,7.5,7.5
430.0256805990752,-563.5353902321021,7.5,7.5
431.9643078769579,-563.5326683470633,7.5,7.5
433.9029354336483,-563.5301528649842,7.5,7.5
435.8415632584522,-563.5278532770453,7.5,7.5
437.78019133750485,-563.525779073041,7.5,7.5
439.71881965362974,-563.5239397486966,7.5,7.5
441.65744818620755,-563.5223447783803,7.5,7.5
443.5960769110056,-563.5210037169684,7.5,7.5
445.5347058001526,-563.5199258196963,7.5,7.5
447.4733348215721,-563.5191214609239,7.5,7.5
449.41196394044084,-563.518596839174,7.5,7.5
451.3505931130819,-563.5183737385527,7.5,7.5
453.2892223090936,-563.5184157766275,7.5,7.5
455.22785142642186,-563.5189096193454,7.5,7.5
457.1664804849991,-563.519621048673,7.5,7.5
459.1051094069578,-563.5206371857292,7.5,7.5
461.04373828250294,-563.5217391596168,7.5,7.5
462.9823673167583,-563.5225134297656,7.5,7.5
464.92099650468265,-563.5225362277697,7.5,7.5
466.8596253538717,-563.5213863252261,7.5,7.5
468.7982526382761,-563.5186695539918,7.5,7.5
470.7368781494792,-563.5148943200454,7.5,7.5
472.67550468708896,-563.51168718365,7.5,7.5
474.61413365993843,-563.5107806205632,7.5,7.5
476.5527603524716,-563.5138964286216,7.5,7.5
478.4913693368534,-563.5227503480688,7.5,7.5
480.4299503085321,-563.5364181329376,7.5,7.5
482.36853980333643,-563.5488250064507,7.5,7.5
484.3071641066155,-563.5531847101953,7.5,7.5
486.2457650202605,-563.5427247550095,7.5,7.5
488.1841295272179,-563.5106771618748,7.5,7.5
490.12183408143153,-563.4508279941303,7.5,7.5
492.05834131205586,-563.3594816576662,7.5,7.5
493.9929726840712,-563.2347653976917,7.5,7.5
495.92493170395113,-563.0741492836739,7.5,7.5
497.8532847296734,-562.8747659929203,7.5,7.5
499.7769184919137,-562.6341584361022,7.5,7.5
501.6952155060523,-562.3541103522175,7.5,7.5
503.6086409372805,-562.042522909028,7.5,7.5
505.51824477450566,-561.7083104175504,7.5,7.5
507.42534134713566,-561.3600769726238,7.5,7.5
509.33150737237384,-561.0067849732241,7.5,7.5
511.23774880504436,-560.6539019983594,7.5,7.5
513.1436849207073,-560.299372596379,7.5,7.5
515.0483725449254,-559.9381960818797,7.5,7.5
516.9508920711303,-559.5657669990043,7.5,7.5
518.8501982123004,-559.1772835681307,7.5,7.5
520.7453008631765,-558.7687924721005,7.5,7.5
522.6358242583866,-558.3396029752586,7.5,7.5
524.5219721987877,-557.8915605701601,7.5,7.5
526.4039795368963,-557.4264077997475,7.5,7.5
528.282064219877,-556.9456978221864,7.5,7.5
530.1565560307326,-556.4511644243685,7.5,7.5
532.0275417066064,-555.9435268107363,7.5,7.5
533.8947346622327,-555.4221118909959,7.5,7.5
535.7577910103951,-554.8861042301514,7.5,7.5
537.6163490608172,-554.3347014266566,7.5,7.5
539.4700252655219,-553.7671030904282,7.5,7.5
541.3185669903148,-553.1830000635035,7.5,7.5
543.1622680619497,-552.5837926013822,7.5,7.5
545.001587108788,-551.9712662497425,7.5,7.5
546.8370204100053,-551.3471927032169,7.5,7.5
548.6690946843144,-550.7133261125558,7.5,7.5
550.4982925909642,-550.0712059802669,7.5,7.5
552.3244410537102,-549.420464152548,7.5,7.5
554.1470219899633,-548.7597964129479,7.5,7.5
555.9654884217945,-548.0878864890017,7.5,7.5
557.7792712151809,-547.4034340308594,7.5,7.5
559.5877800387135,-546.7051654822811,7.5,7.5
561.3906543450605,-545.9924753051632,7.5,7.5
563.1878118042778,-545.2654895864847,7.5,7.5
564.9791958034168,-544.5243914220672,7.5,7.5
566.7647510892702,-543.7693580057738,7.5,7.5
568.5444255743353,-543.0005655614459,7.5,7.5
570.3180942460865,-542.218016745321,7.5,7.5
572.0854502479798,-541.4213136580286,7.5,7.5
573.8461355633394,-540.6099748755815,7.5,7.5
575.5997775699856,-539.7835234843781,7.5,7.5
577.3460384948679,-538.9415672850054,7.5,7.5
579.0846351223717,-538.0839069711595,7.5,7.5
580.8156768661056,-537.2111096819868,7.5,7.5
582.5396819493033,-536.3244923902023,7.5,7.5
584.2571831849828,-535.4253413118248,7.5,7.5
585.9687492071301,-534.5149433937988,7.5,7.5
587.6749414018271,-533.5945124836718,7.5,7.5
589.375644351767,-532.6639793273142,7.5,7.5
591.069950121981,-531.7218479827858,7.5,7.5
592.7568664050788,-530.7665490061305,7.5,7.5
594.4353788669246,-529.7965591403083,7.5,7.5
596.104381706951,-528.8102983112382,7.5,7.5
597.7632047027606,-527.8070091438607,7.5,7.5
599.4121036135598,-526.7874916023743,7.5,7.5
601.0516574613191,-525.7530128939874,7.5,7.5
602.6824281447044,-524.7047428779521,7.5,7.5
604.3050364165798,-523.6438820404952,7.5,7.5
605.9199946970779,-522.571411237799,7.5,7.5
607.5273344375686,-521.4875562469374,7.5,7.5
609.1267624753576,-520.3920594345241,7.5,7.5
610.7180033499774,-519.2847042369347,7.5,7.5
612.3007657188382,-518.1652639601625,7.5,7.5
613.8747663658576,-517.0335375203839,7.5,7.5
615.4398510319365,-515.8895124763659,7.5,7.5
616.9960103841182,-514.7333762489155,7.5,7.5
618.5432541252195,-513.5653348822267,7.5,7.5
620.0815831321403,-512.3855786971401,7.5,7.5
621.6110479637205,-511.1943480121404,7.5,7.5
623.1317215633499,-509.99190964441203,7.5,7.5
624.6436405347793,-508.77849091077724,7.5,7.5
626.1469461418274,-507.55441772730546,7.5,7.5
627.6417774895799,-506.32000999882257,7.5,7.5
629.1282768496126,-505.07558131731355,7.5,7.5
630.6065717334449,-503.821417292786,7.5,7.5
632.0766542430249,-502.55763703475225,7.5,7.5
633.5384591140266,-501.2842911833852,7.5,7.5
634.9919195361908,-500.0014287912504,7.5,7.5
636.4369699867336,-498.709100519285,7.5,7.5
637.873551575411,-497.4073645822767,7.5,7.5
639.3018124139602,-496.0965045245177,7.5,7.5
640.7220843295958,-494.7769929405408,7.5,7.5
642.1347182344429,-493.44930751238576,7.5,7.5
643.5400687333122,-492.11391503026715,7.5,7.5
644.9385017614885,-490.7712802508433,7.5,7.5
646.3299594244966,-489.42141773201627,7.5,7.5
647.7136180507592,-488.0635621116889,7.5,7.5
649.0885400744748,-486.6968607573159,7.5,7.5
650.4537753729433,-485.32048302484566,7.5,7.5
651.8083533022086,-483.93361535231577,7.5,7.5
653.1514791408532,-482.53565401399715,7.5,7.5
654.4831934816157,-481.12681757814005,7.5,7.5
655.8037996873084,-479.70756342079943,7.5,7.5
657.1136104191701,-478.2783402055811,7.5,7.5
658.4129450433088,-476.83958635987983,7.5,7.5
659.7021086964016,-475.39171197372985,7.5,7.5
660.981182456219,-473.9349163598144,7.5,7.5
662.2500950305349,-472.469261557843,7.5,7.5
663.5087668126256,-470.9948028444327,7.5,7.5
664.7571187074566,-469.5115966495078,7.5,7.5
665.9950693517386,-468.01969801577354,7.5,7.5
667.2224794115949,-466.5191158106687,7.5,7.5
668.43915727028,-465.00981162869624,7.5,7.5
669.644909480356,-463.49176774192665,7.5,7.5
670.8394924819831,-461.9649238485905,7.5,7.5
672.0226237703616,-460.4291882201588,7.5,7.5
673.194195497646,-458.8846162779354,7.5,7.5
674.3544128421275,-457.33149715289613,7.5,7.5
675.503627901883,-455.770219516226,7.5,7.5
676.6421765707204,-454.20114654238296,7.5,7.5
677.7704278550584,-452.624652911287,7.5,7.5
678.8886288276965,-451.0410145461391,7.5,7.5
679.9963763517032,-449.45004687788895,7.5,7.5
681.0927589889877,-447.85122590443444,7.5,7.5
682.1768799221223,-446.2440654781822,7.5,7.5
683.2478214685693,-444.62809263342433,7.5,7.5
684.3046631324811,-443.0028644734219,7.5,7.5
685.3473898701385,-441.368543518623,7.5,7.5
686.3771564387258,-439.7260260336901,7.5,7.5
687.3952506764592,-438.0762479808238,7.5,7.5
688.4029434913045,-436.4200965241262,7.5,7.5
689.4016089895837,-434.7584853702653,7.5,7.5
690.3916979324686,-433.09174985362193,7.5,7.5
691.3718038311576,-431.41912456415463,7.5,7.5
692.3398961824358,-429.7395173638968,7.5,7.5
693.2940169701574,-428.0519341087373,7.5,7.5
694.2320883808236,-426.35537739620935,7.5,7.5
695.152533798871,-424.64919436034944,7.5,7.5
696.0557426910451,-422.9338230470924,7.5,7.5
696.9434896259722,-421.2104000064994,7.5,7.5
697.8175467857984,-419.47999182943084,7.5,7.5
698.679737835704,-417.7436364003767,7.5,7.5
699.5317257641326,-416.0022573691364,7.5,7.5
700.3742742340469,-414.2562920106981,7.5,7.5
701.2069744431744,-412.5056082849296,7.5,7.5
702.0292903304213,-410.7500229928428,7.5,7.5
702.8406928232196,-408.9893671145386,7.5,7.5
703.6406461583251,-407.2234798581961,7.5,7.5
704.4286401995103,-405.4522236631551,7.5,7.5
705.2042293726305,-403.6755006762588,7.5,7.5
705.9669771999584,-401.8932271610576,7.5,7.5
706.7164428027075,-400.1053277111386,7.5,7.5
707.4521816648813,-398.3117359340378,7.5,7.5
708.1737481149927,-396.5123957798492,7.5,7.5
708.8807102220762,-394.70726761041976,7.5,7.5
709.5726390779041,-392.89632376498764,7.5,7.5
710.2491004436603,-391.0795455438615,7.5,7.5
710.9096602266198,-389.2569254468839,7.5,7.5
711.553894930783,-387.42847125744134,7.5,7.5
712.181938308552,-385.59439258734636,7.5,7.5
712.7944621504357,-383.7550726816919,7.5,7.5
713.3921864187372,-381.91089025410434,7.5,7.5
713.9758307399442,-380.0622035765674,7.5,7.5
714.5461218747271,-378.20935411796097,7.5,7.5
715.1035568358886,-376.35259633005217,7.5,7.5
715.6481555040505,-374.4920331380282,7.5,7.5
716.1798460211066,-372.6277401541352,7.5,7.5
716.6985590784479,-370.759794779708,7.5,7.5
717.204225138538,-368.88827538370805,7.5,7.5
717.6967045821599,-367.01324272432595,7.5,7.5
718.17557611532,-365.1346889981521,7.5,7.5
718.6403473844367,-363.2525903731641,7.5,7.5
719.0905179489997,-361.3669489224448,7.5,7.5
719.5255082218928,-359.4777522496444,7.5,7.5
719.9447500231561,-357.58499775370393,7.5,7.5
720.3481068483683,-355.6887945761876,7.5,7.5
720.7358260779951,-353.7893323166464,7.5,7.5
721.1081700095237,-351.88679631892336,7.5,7.5
721.4653994171066,-349.98136459285195,7.5,7.5
721.8077913829571,-348.07321068643995,7.5,7.5
722.1353961430742,-346.1624626186173,7.5,7.5
722.4478699431197,-344.24918185626814,7.5,7.5
722.7447756087034,-342.3334235068648,7.5,7.5
723.025696949938,-340.41525598587725,7.5,7.5
723.2901731630734,-338.49475213953053,7.5,7.5
723.5380071753322,-336.5720298792197,7.5,7.5
723.7698220351147,-334.64731031006636,7.5,7.5
723.9866954755581,-332.72085010431226,7.5,7.5
724.1896563735439,-330.7928744720399,7.5,7.5
724.3797725610823,-328.8635899305902,7.5,7.5
724.5579701089911,-326.9331677530733,7.5,7.5
724.7241770989374,-325.0016766500561,7.5,7.5
724.877377243182,-323.0691102112973,7.5,7.5
725.0165438182295,-321.1354826023511,7.5,7.5
725.1406386675887,-319.200829213898,7.5,7.5
725.2486404244917,-317.26521079345605,7.5,7.5
725.3400385538719,-315.3287380286367,7.5,7.5
725.4152345635649,-313.3915647462974,7.5,7.5
725.4747875511728,-311.45384327065017,7.5,7.5
725.5190129925423,-309.5157182096854,7.5,7.5
725.5484254302648,-307.57731217359185,7.5,7.5
725.5639830108828,-305.6387455012057,7.5,7.5
725.5685595390694,-303.70012168518303,7.5,7.5
725.5656579228697,-301.76149466796693,7.5,7.5
725.5587846490299,-299.8228776659993,7.5,7.5
725.5514408899835,-297.8842623496526,7.5,7.5
725.5467081156104,-295.945638967201,7.5,7.5
725.5450192553739,-294.0070105093092,7.5,7.5
725.5455171325624,-292.06838142608296,7.5,7.5
725.5472500660353,-290.1297529964089,7.5,7.5
725.5493014934051,-288.1911248900656,7.5,7.5
725.5508291904747,-286.2524963131252,7.5,7.5
725.5515316950305,-284.31386724681767,7.5,7.5
725.5515819247719,-282.37523806014656,7.5,7.5
725.551157261016,-280.4366089174313,7.5,7.5
725.5504405577647,-278.4979798611939,7.5,7.5
725.5496079813539,-276.5593508511934,7.5,7.5
725.548756954603,-274.6207218493455,7.5,7.5
725.5478937038949,-272.6820928528513,7.5,7.5
725.5470181792343,-270.74346386187534,7.5,7.5
725.5461304510089,-268.8048348764452,7.5,7.5
725.5452305555567,-266.86620589662573,7.5,7.5
725.5443185383406,-264.92757692247073,7.5,7.5
725.5433944423786,-262.98894795403623,7.5,7.5
725.5424583113445,-261.0503189913754,7.5,7.5
725.5415101887372,-259.1116900345424,7.5,7.5
725.5405501181029,-257.1730610835897,7.5,7.5
725.5395781429756,-255.23443213856908,7.5,7.5
725.5385943068924,-253.29580319953124,7.5,7.5
725.5375986533912,-251.3571742665268,7.5,7.5
725.5365912260105,-249.4185453396049,7.5,7.5
725.5355720682879,-247.4799164188145,7.5,7.5
725.5345412237624,-245.5412875042029,7.5,7.5
725.5334987359736,-243.60265859581764,7.5,7.5
725.5324446484602,-241.6640296937047,7.5,7.5
725.5313790047626,-239.72540079790988,7.5,7.5
725.5303018484221,-237.78677190847725,7.5,7.5
725.5292132229774,-235.84814302545135,7.5,7.5
725.5281131719761,-233.909514148875,7.5,7.5
725.5270017389366,-231.97088527879063,7.5,7.5
725.5258789674875,-230.03225641523977,7.5,7.5
725.5247449008509,-228.09362755826368,7.5,7.5
725.5235995837628,-226.15499870790146,7.5,7.5
725.5224430553127,-224.2163698641954,7.5,7.5
725.5212753756684,-222.27774102717265,7.5,7.5
725.5200965263249,-220.33911219691439,7.5,7.5
725.5189067824208,-218.4004833732963,7.5,7.5
725.5177053230985,-216.46185455695593,7.5,7.5
725.5164954181988,-214.52322574568458,7.5,7.5
725.5152650694298,-212.584596947895,7.5,7.5
725.5140592653872,-210.645968132351,7.5,7.5
725.5127054879151,-208.70733941913934,7.5,7.5
725.5114326731382,-206.76871064895977,7.5,7.5
725.5101684955373,-204.8300818722867,7.5,7.5
725.5088884183363,-202.89145310626245,7.5,7.5
725.507599060373,-200.9528243463394,7.5,7.5
725.5062987048236,-199.0141955937738,7.5,7.5
725.5049878665291,-197.07556684826494,7.5,7.5
725.5036664628633,-195.13693810992956,7.5,7.5
725.5023345711551,-193.19830937877114,7.5,7.5
725.5009922259113,-191.25968065482294,7.5,7.5
725.4996394731025,-189.32105193810906,7.5,7.5
725.4982763556312,-187.38242322865543,7.5,7.5
725.496902917222,-185.44379452648587,7.5,7.5
725.495519201379,-183.50516583162496,7.5,7.5
725.494125251667,-181.56653714409543,7.5,7.5
725.4927211116336,-179.62790846392002,7.5,7.5
725.4913068248319,-177.68927979112024,7.5,7.5
725.4898824348155,-175.75065112571767,7.5,7.5
725.4884479851362,-173.81202246773216,7.5,7.5
725.4870035193472,-171.8733938171842,7.5,7.5
725.4855490810025,-169.93476517409195,7.5,7.5
725.4840847136555,-167.99613653847453,7.5,7.5
725.4826104608613,-166.05750791034916,7.5,7.5
725.481126366174,-164.11887928973337,7.5,7.5
725.4796324731481,-162.1802506766431,7.5,7.5
725.4781288253394,-160.2416220710948,7.5,7.5
725.476615466303,-158.30299347310273,7.5,7.5
725.4750924395946,-156.36436488268157,7.5,7.5
725.473559788771,-154.42573629984534,7.5,7.5
725.4720175573887,-152.4871077246072,7.5,7.5
725.4704657890035,-150.54847915697917,7.5,7.5
725.468904527177,-148.60985059697384,7.5,7.5
725.467333815449,-146.6712220446017,7.5,7.5
725.4657536974428,-144.73259349987356,7.5,7.5
725.4641642164727,-142.79396496279944,7.5,7.5
725.4625654170063,-140.85533643338792,7.5,7.5
725.4609573392119,-138.9167079116508,7.5,7.5
725.4593400392881,-136.97807939758405,7.5,7.5
725.4577135136689,-135.0394508912404,7.5,7.5
725.4560779816223,-133.1008223924579,7.5,7.5
725.4544328315772,-131.16219390187103,7.5,7.5
725.4527805497283,-129.22356541714373,7.5,7.5
725.4511120724324,-127.28493694701075,7.5,7.5
725.449461398628,-125.34630845892819,7.5,7.5
725.4475399091098,-123.40768022955359,7.5,7.5
725.4459078472472,-121.46905172186491,7.5,7.5
725.444192282026,-119.53042329349756,7.5,7.5
725.4424879455877,-117.59179485366364,7.5,7.5
725.4407695109065,-115.6531664266896,7.5,7.5
725.439043819266,-113.71453800605883,7.5,7.5
725.4373090928688,-111.77590959351755,7.5,7.5
725.4355658632867,-109.83728118859747,7.5,7.5
725.433814043328,-107.89865279142236,7.5,7.5
725.4320537115899,-105.96002440195724,7.5,7.5
725.4302849022492,-104.0213960202084,7.5,7.5
725.4285076613853,-102.08276764617119,7.5,7.5
725.426722031889,-100.1441392798422,7.5,7.5
725.4249280575049,-98.20551092121745,7.5,7.5
725.4231257817496,-96.26688257029228,7.5,7.5
725.4213152482017,-94.32825422706205,7.5,7.5
725.419496500422,-92.38962589152055,7.5,7.5
725.4176695819783,-90.45099756366169,7.5,7.5
725.4158345364352,-88.5123692434786,7.5,7.5
725.4139914073596,-86.57374093096426,7.5,7.5
725.4121402383174,-84.63511262611034,7.5,7.5
725.4102810728754,-82.69648432890835,7.5,7.5
725.4084139546001,-80.7578560393496,7.5,7.5
725.4065389270585,-78.81922775742447,7.5,7.5
725.4046560338187,-76.88059948312313,7.5,7.5
725.4027653184482,-74.94197121643472,7.5,7.5
725.4008668245141,-73.00334295734837,7.5,7.5
725.3989605955841,-71.06471470585193,7.5,7.5
725.3970466752278,-69.12608646193407,7.5,7.5
725.3951251070098,-67.18745822558135,7.5,7.5
725.3931959345133,-65.24882999678113,7.5,7.5
725.3912592012537,-63.31020177551952,7.5,7.5
725.3893149509995,-61.37157356178209,7.5,7.5
725.3873632265754,-59.43294535555478,7.5,7.5
725.3854040743292,-57.49431715681964,7.5,7.5
725.3834375274599,-55.555688965572536,7.5,7.5
725.3814636682516,-53.617060781752656,7.5,7.5
725.3794823957676,-51.67843260551075,7.5,7.5
725.3774942929674,-49.739804436203286,7.5,7.5
725.375497390086,-47.80117627615174,7.5,7.5
725.3734992457112,-45.86254811660601,7.5,7.5
725.3714718527096,-43.923919990140966,7.5,7.5
725.3695199573091,-41.98529177507698,7.5,7.5
725.3672407167952,-40.04666393953006,7.5,7.5
725.3651838017213,-38.10803584476771,7.5,7.5
725.3631518733803,-36.16940772018974,7.5,7.5
725.3611045215793,-34.23077961278625,7.5,7.5
725.359052604065,-32.29215150996819,7.5,7.5
725.3569932721617,-30.353523415075006,7.5,7.5
725.3549273429667,-28.41489532718435,7.5,7.5
725.3528546531763,-26.476267246514546,7.5,7.5
725.3507753016922,-24.537639172977403,7.5,7.5
725.3486893172903,-22.599011106566397,7.5,7.5
725.346596747501,-20.660383047252214,7.5,7.5
725.3444976348386,-18.72175499501179,7.5,7.5
725.3423920231612,-16.783126949819216,7.5,7.5
725.3402799559653,-14.844498911649042,7.5,7.5
725.3381614768463,-12.905870880474819,7.5,7.5
725.3360366293724,-10.967242856270339,7.5,7.5
725.3339054571193,-9.028614839008279,7.5,7.5
725.3317680036607,-7.0899868286619645,7.5,7.5
725.3296243125725,-5.151358825202526,7.5,7.5
725.3274744274277,-3.2127308286025085,7.5,7.5
725.3253183918022,-1.2741028388328661,7.5,7.5
725.3231562492713,0.6645251441353643,7.5,7.5
725.3209880434098,2.6031531203317764,7.5,7.5
725.3188138177932,4.5417810897861735,7.5,7.5
725.3166336159961,6.48040905252912,7.5,7.5
725.3144474815953,8.419037008590646,7.5,7.5
725.3122554581657,10.357664958002777,7.5,7.5
725.310057589284,12.29629290079653,7.5,7.5
725.307853918526,14.234920837003765,7.5,7.5
725.3056444894676,16.173548766657028,7.5,7.5
725.3034293456847,18.11217668978862,7.5,7.5
725.3012085307578,20.05080460643195,7.5,7.5
725.2989820882457,21.989432516620482,7.5,7.5
725.2967500617922,23.928060420388,7.5,7.5
725.2945124947265,25.866688317768254,7.5,7.5
725.2922694315428,27.805316208797255,7.5,7.5
725.2900209124064,29.743944093505597,7.5,7.5
725.2877669936028,31.682571971944913,7.5,7.5
725.2855076713664,33.62119984408925,7.5,7.5
725.2832431656434,35.559827710204885,7.5,7.5
725.2809728629703,37.49845556947046,7.5,7.5
725.2786992546444,39.43708342511853,7.5,7.5
725.2764132656408,41.375711265279385,7.5,7.5
725.2741489093338,43.31433913435027,7.5,7.5
725.2715402663523,45.25296655446108,7.5,7.5
725.2693234994837,47.19159448693709,7.5,7.5
725.2670017876392,49.13022228296962,7.5,7.5
725.2647018956329,51.06885010808048,7.5,7.5
725.2623899146549,53.00747791797167,7.5,7.5
725.2600749851382,54.946105724561804,7.5,7.5
725.2577547133432,56.88473352470838,7.5,7.5
725.2554297958785,58.82336131930411,7.5,7.5
725.253100101356,60.761989108160726,7.5,7.5
725.2507657202351,62.70061689138124,7.5,7.5
725.2484266835331,64.63924466898958,7.5,7.5
725.2460830381935,66.57787244103217,7.5,7.5
725.2437348268949,68.51650020754934,7.5,7.5
725.2413820934581,70.455127968584,7.5,7.5
725.2390248813966,72.39375572417761,7.5,7.5
725.2366632343075,74.33238347437391,7.5,7.5
725.2342971957659,76.2710112192154,7.5,7.5
725.2319268093516,78.2096389587457,7.5,7.5
725.2295521186442,80.1482666930082,7.5,7.5
725.2271731672236,82.08689442204701,7.5,7.5
725.224789998669,84.02552214590602,7.5,7.5
725.2224026565601,85.96414986463031,7.5,7.5
725.2200111844762,87.90277757826408,7.5,7.5
725.2176156259977,89.84140528685268,7.5,7.5
725.2152160247042,91.78003299044138,7.5,7.5
725.2128124241758,93.71866068907593,7.5,7.5
725.2104048679919,95.65728838280175,7.5,7.5
725.2079933997335,97.59591607166561,7.5,7.5
725.2055780629768,99.53454375571322,7.5,7.5
725.2031589013162,101.4731714349918,7.5,7.5
725.2007359582774,103.41179910954783,7.5,7.5
725.1983092776467,105.35042677942923,7.5,7.5
725.195878902232,107.28905444468182,7.5,7.5
725.1934448784943,109.22768210535763,7.5,7.5
725.1910072392664,111.16630976148929,7.5,7.5
725.1885660682402,113.10493741318132,7.5,7.5
725.1861212592772,115.04356506027375,7.5,7.5
725.1836734147937,116.98219270359154,7.5,7.5
725.1812204924721,118.9208203402859,7.5,7.5
725.1787703216672,120.85944798122134,7.5,7.5
725.1762938849763,122.7980755860791,7.5,7.5
725.1738996982137,124.7367033055844,7.5,7.5
725.1711692075731,126.67533055832142,7.5,7.5
725.1686864478991,128.61395815547218,7.5,7.5
725.1662199822018,130.55258577561773,7.5,7.5
725.1637452100507,132.49121338458062,7.5,7.5
725.1612687576034,134.42984099155342,7.5,7.5
725.1587889098489,136.36846859414507,7.5,7.5
725.1563061801903,138.30709619305858,7.5,7.5
725.1538204866912,140.24572378817166,7.5,7.5
725.1513319064646,142.18435137958164,7.5,7.5
725.1488404741334,144.1229789673287,7.5,7.5
725.1463462356695,146.06160655146687,7.5,7.5
725.1438492340155,148.00023413204835,7.5,7.5
725.1413495129224,149.93886170912495,7.5,7.5
725.1388471159247,151.87748928274954,7.5,7.5
725.1363420866151,153.81611685297432,7.5,7.5
725.1338344685704,155.75474441985256,7.5,7.5
725.1313243053721,157.6933719834367,7.5,7.5
725.1288116406006,159.6319995437803,7.5,7.5
725.1262965178364,161.57062710093646,7.5,7.5
725.1237789806594,163.50925465495862,7.5,7.5
725.1212590726492,165.44788220590078,7.5,7.5
725.1187368373876,167.3865097538164,7.5,7.5
725.1162123184538,169.32513729875916,7.5,7.5
725.1136855594283,171.2637648407841,7.5,7.5
725.111156603891,173.20239237994454,7.5,7.5
725.1086254954222,175.1410199162955,7.5,7.5
725.1060922776026,177.07964744989124,7.5,7.5
725.1035569940107,179.01827498078669,7.5,7.5
725.1010196882283,180.95690250903604,7.5,7.5
725.0984804038343,182.89553003469535,7.5,7.5
725.095939184408,184.83415755781868,7.5,7.5
725.093396073532,186.77278507846182,7.5,7.5
725.090851114778,188.71141259668013,7.5,7.5
725.0883043517556,190.6500401125288,7.5,7.5
725.0857558279313,192.58866762606357,7.5,7.5
725.0832055873099,194.527295137341,7.5,7.5
725.0806536718837,196.46592264641401,7.5,7.5
725.078100131142,198.4045501533473,7.5,7.5
725.0755449866697,200.34317765816604,7.5,7.5
725.0729883639142,202.28180516104186,7.5,7.5
725.0704300017177,204.2204326616,7.5,7.5
725.0678710779806,206.15906016150228,7.5,7.5
725.0653074139854,208.097687654829,7.5,7.5
725.0627547701001,210.03631516388194,7.5,7.5
725.0599597485882,211.97494232993532,7.5,7.5
725.0574542047001,213.91356990574818,7.5,7.5
725.0548738548973,215.8521973758131,7.5,7.5
725.0523120421976,217.79082487221842,7.5,7.5
725.049743812495,219.72945235964653,7.5,7.5
725.0471759069907,221.66807984763216,7.5,7.5
725.0446065747708,223.60670733369344,7.5,7.5
725.0420363402117,225.5453348185675,7.5,7.5
725.0394651180711,227.48396230212973,7.5,7.5
725.0368929864425,229.42258978448598,7.5,7.5
725.0343199796561,231.36121726568095,7.5,7.5
725.0317461437684,233.29984474577543,7.5,7.5
725.0291715216928,235.23847222482593,7.5,7.5
725.0265961571849,237.1770997028899,7.5,7.5
725.024020093775,239.11572718002557,7.5,7.5
725.0214433750535,241.05435465629014,7.5,7.5
725.0188660445949,242.99298213174174,7.5,7.5
725.016288145977,244.93160960643775,7.5,7.5
725.0137097227765,246.87023708043637,7.5,7.5
725.0111308185715,248.8088645537949,7.5,7.5
725.0085514769384,250.74749202657176,7.5,7.5
725.0059717414541,252.68611949882424,7.5,7.5
725.0033916556959,254.6247469706109,7.5,7.5
725.0008112632399,256.56337444198886,7.5,7.5
724.9982306076636,258.5020019130172,7.5,7.5
724.9956497325422,260.4406293837531,7.5,7.5
724.9930686814527,262.37925685425455,7.5,7.5
724.9904874979709,264.3178843245797,7.5,7.5
724.9879062256741,266.25651179478695,7.5,7.5
724.9853249081351,268.19513926493363,7.5,7.5
724.982743588937,270.13376673507844,7.5,7.5
724.9801623116302,272.0723942052786,7.5,7.5
724.9775811198855,274.0110216755928,7.5,7.5
724.9750000569201,275.9496491460783,7.5,7.5
724.9724191676478,277.8882766167953,7.5,7.5
724.9698384906479,279.8269040877946,7.5,7.5
724.9672580881396,281.7655315591602,7.5,7.5
724.9646779341083,283.7041590308536,7.5,7.5
724.9620983318632,285.6427865032919,7.5,7.5
724.9595183555589,287.5814139751927,7.5,7.5
724.9569416669831,289.5200414516159,7.5,7.5
724.9543548052736,291.458668913952,7.5,7.5
724.951808217234,293.39729643192976,7.5,7.5
724.9491069732014,295.33592373609406,7.5,7.5
724.9465293722656,297.27455121102867,7.5,7.5
724.943956197249,299.2131786920433,7.5,7.5
724.9413827308728,301.15180617261655,7.5,7.5
724.9388102871425,303.0904336545616,7.5,7.5
724.936238570594,305.0290611374679,7.5,7.5
724.9336677152796,306.967688621517,7.5,7.5
724.9310977406258,308.9063161067342,7.5,7.5
724.928528696648,310.844943593184,7.5,7.5
724.9259606251989,312.78357108092325,7.5,7.5
724.9233935703099,314.72219857000846,7.5,7.5
724.9208275754291,316.6608260604969,7.5,7.5
724.9182626841625,318.59945355244605,7.5,7.5
724.9156989400717,320.53808104591263,7.5,7.5
724.9131363867295,322.4767085409533,7.5,7.5
724.9105750677081,324.4153360376254,7.5,7.5
724.9080150265765,326.3539635359852,7.5,7.5
724.9054563069064,328.2925910360899,7.5,7.5
724.9028989522686,330.2312185379957,7.5,7.5
724.900343006232,332.1698460417591,7.5,7.5
724.897788512367,334.1084735474363,7.5,7.5
724.8952355142438,336.0471010550845,7.5,7.5
724.8926840554317,337.9857285647585,7.5,7.5
724.8901341794999,339.92435607651527,7.5,7.5
724.8875859300175,341.862983590411,7.5,7.5
724.8850393505534,343.80161110650073,7.5,7.5
724.8824944846767,345.74023862484097,7.5,7.5
724.8799513759553,347.6788661454866,7.5,7.5
724.8774100679576,349.6174936684941,7.5,7.5
724.8748706042519,351.55612119391805,7.5,7.5
724.8723330284054,353.49474872181435,7.5,7.5
724.8697973839865,355.4333762522376,7.5,7.5
724.8672637145612,357.3720037852432,7.5,7.5
724.8647320636986,359.3106313208857,7.5,7.5
724.862202474961,361.2492588592202,7.5,7.5
724.8596749919295,363.18788640030107,7.5,7.5
724.8571496581178,365.12651394418316,7.5,7.5
724.8546265172898,367.06514149092015,7.5,7.5
724.8521056122704,369.0037690405661,7.5,7.5
724.8495869893866,370.94239659317816,7.5,7.5
724.847070681923,372.8810241487971,7.5,7.5
724.8445567717254,374.8196517075258,7.5,7.5
724.8420451598083,376.75827926923427,7.5,7.5
724.8395420995222,378.6969068420017,7.5,7.5
724.8370374975382,380.6355344127787,7.5,7.5
724.8345365423419,382.574161988264,7.5,7.5
724.8320378960569,384.51278956672627,7.5,7.5
724.8295419723925,386.4514171486957,7.5,7.5
724.8270487157343,388.39004473409716,7.5,7.5
724.824558196219,390.3286723230168,7.5,7.5
724.822070450289,392.2672999154976,7.5,7.5
724.8195855234151,394.20592751159387,7.5,7.5
724.8171034586476,396.144555111357,7.5,7.5
724.8146242996854,398.08318271483773,7.5,7.5
724.8121480900536,400.02181032208824,7.5,7.5
724.8096748733241,401.96043793315914,7.5,7.5
724.807204693054,403.89906554810153,7.5,7.5
724.8047375928057,405.837693166966,7.5,7.5
724.8022736161394,407.7763207898032,7.5,7.5
724.7998128066147,409.71494841666293,7.5,7.5
724.7973552077922,411.6535760475958,7.5,7.5
724.7949008632311,413.5922036826513,7.5,7.5
724.792449816491,415.5308313218791,7.5,7.5
724.7900021111304,417.46945896532833,7.5,7.5
724.7875577907085,419.40808661304885,7.5,7.5
724.7851168987838,421.34671426508896,7.5,7.5
724.782679478914,423.2853419214978,7.5,7.5
724.7802455746572,425.2239695823231,7.5,7.5
724.7778152295708,427.16259724761403,7.5,7.5
724.7753884872117,429.1012249174177,7.5,7.5
724.7729653911374,431.0398525917827,7.5,7.5
724.7705459849035,432.978480270756,7.5,7.5
724.768130312069,434.9171079543852,7.5,7.5
724.7657184161801,436.8557356427168,7.5,7.5
724.7633103408281,438.7943633357979,7.5,7.5
724.7609061294327,440.73299103367486,7.5,7.5
724.7585058260596,442.6716187363948,7.5,7.5
724.7561094723553,444.61024644400015,7.5,7.5
724.7537171189923,446.54887415654645,7.5,7.5
724.7513287829634,448.48750187404784,7.5,7.5
724.7489446069492,450.4261295966628,7.5,7.5
724.746564264556,452.3647573240139,7.5,7.5
724.7441891799888,454.3033850577222,7.5,7.5
724.7418142441827,456.24201279194875,7.5,7.5
724.7394587303232,458.1806405486932,7.5,7.5
724.7370509168139,460.1192682460623,7.5,7.5
724.7348695973166,462.05789620237596,7.5,7.5
724.7325188075777,463.9965239657587,7.5,7.5
724.730172296735,465.93515173433764,7.5,7.5
724.7278303217573,467.87377950839766,7.5,7.5
724.7254928673159,469.81240728791516,7.5,7.5
724.7231599932234,471.7510350729489,7.5,7.5
724.7208317385318,473.68966286353657,7.5,7.5
724.7185081480363,475.62829065971994,7.5,7.5
724.7161892649393,477.56691846153984,7.5,7.5
724.7138751328858,479.5055462690367,7.5,7.5
724.711565795397,481.4441740822511,7.5,7.5
724.7092612960273,483.3828019012229,7.5,7.5
724.7069616783223,485.321429725991,7.5,7.5
724.7046669858291,487.26005755659565,7.5,7.5
724.7023772620948,489.19868539307515,7.5,7.5
724.7000925506643,491.13731323546807,7.5,7.5
724.6978128950846,493.07594108381295,7.5,7.5
724.695538338901,495.01456893814793,7.5,7.5
724.6932689256569,496.9531967985096,7.5,7.5
724.6910046988984,498.89182466493634,7.5,7.5
724.6887457021691,500.830452537464,7.5,7.5
724.6864919790128,502.7690804161294,7.5,7.5
724.6842435729734,504.7077083009693,7.5,7.5
724.6820005275931,506.6463361920189,7.5,7.5
724.6797628864152,508.58496408931376,7.5,7.5
724.6775306929818,510.5235919928892,7.5,7.5
724.6753039908339,512.462219902779,7.5,7.5
724.6730828235145,514.400847819019,7.5,7.5
724.670867234563,516.3394757416421,7.5,7.5
724.6686572675209,518.2781036706818,7.5,7.5
724.6664529659287,520.216731606172,7.5,7.5
724.6642543733249,522.1553595481446,7.5,7.5
724.6620615332506,524.0939874966333,7.5,7.5
724.6598744892417,526.032615451669,7.5,7.5
724.6576932848469,527.9712434132839,7.5,7.5
724.6555179635644,529.9098713815096,7.5,7.5
724.653348569088,531.8484993563758,7.5,7.5
724.651185144351,533.787127337914,7.5,7.5
724.6490277352212,535.7257553261552,7.5,7.5
724.6468763762508,537.6643833211212,7.5,7.5
724.6447311455781,539.6030113228737,7.5,7.5
724.642591953522,541.5416393313171,7.5,7.5
724.6404593563308,543.4802673469576,7.5,7.5
724.6383314248753,545.4188953679854,7.5,7.5
724.6366032600347,547.3575237627898,7.5,7.5
724.6343956617228,549.2961517123863,7.5,7.5
724.6323183716532,551.234779784271,7.5,7.5
724.6302142934924,553.1734078322008,7.5,7.5
724.6281255795321,555.1120358953962,7.5,7.5
724.6260409894071,557.0506639633801,7.5,7.5
724.6239635904018,558.9892920389908,7.5,7.5
724.6218926157693,560.9279201214994,7.5,7.5
724.6198283261725,562.8665482111317,7.5,7.5
724.6177707069556,564.8051763078571,7.5,7.5
724.61571981724,566.7438044117124,7.5,7.5
724.6136756963772,568.6824325227171,7.5,7.5
724.6116383890156,570.621060640894,7.5,7.5
724.6096079383838,572.5596887662649,7.5,7.5
724.6075843880895,574.4983168988505,7.5,7.5
724.6055677816387,576.4369450386716,7.5,7.5
724.6035581625641,578.3755731857484,7.5,7.5
724.6015555743905,580.3142013401009,7.5,7.5
724.5995600606443,582.2528295017484,7.5,7.5
724.5975716648511,584.19145767071,7.5,7.5
724.5955904305357,586.1300858470033,7.5,7.5
724.5936164012228,588.0687140306466,7.5,7.5
724.591649620436,590.007342221657,7.5,7.5
724.5896901316994,591.9459704200522,7.5,7.5
724.5877379785355,593.8845986258474,7.5,7.5
724.5857932044677,595.8232268390599,7.5,7.5
724.5838558530176,597.7618550597037,7.5,7.5
724.5819259677065,599.7004832877943,7.5,7.5
724.5800035920541,601.6391115233464,7.5,7.5
724.5780887695904,603.577739766374,7.5,7.5
724.5761815437992,605.5163680168894,7.5,7.5
724.574281958334,607.4549962749069,7.5,7.5
724.5723900562162,609.3936245404376,7.5,7.5
724.5705058828216,611.3322528134948,7.5,7.5
724.5686294747361,613.2708810940853,7.5,7.5
724.5667609013464,615.2095093822373,7.5,7.5
724.5649001096367,617.1481376778968,7.5,7.5
724.5630475033428,619.0867659813122,7.5,7.5
724.5612017817939,621.0253942916022,7.5,7.5
724.5593680044409,622.964022612097,7.5,7.5
724.5575274974822,624.9026509304134,7.5,7.5
724.5557501493035,626.8412792927967,7.5,7.5
724.5537753732447,628.7799075267162,7.5,7.5
724.5526160066908,630.7185363027509,7.5,7.5
724.5508189817316,632.6571646600454,7.5,7.5
724.5490373589394,634.5957930296772,7.5,7.5
724.5472621737252,636.5344214056971,7.5,7.5
724.5454958311784,638.4730497896696,7.5,7.5
724.5437377561682,640.4116781811889,7.5,7.5
724.5419881541343,642.3503065803653,7.5,7.5
724.540247026237,644.2889349871734,7.5,7.5
724.5385144270514,646.227563401622,7.5,7.5
724.5367903971966,648.1661918237104,7.5,7.5
724.5350749809342,650.1048202534398,7.5,7.5
724.5333682215748,652.0434486908099,7.5,7.5
724.5316701626775,653.9820771358206,7.5,7.5
724.5299808477346,655.9207055884708,7.5,7.5
724.5283003202545,657.8593340487577,7.5,7.5
724.5266286237425,659.7979625166802,7.5,7.5
724.5249658017029,661.7365909922344,7.5,7.5
724.5233118976397,663.6752194754176,7.5,7.5
724.5216669550563,665.6138479662251,7.5,7.5
724.5200310174564,667.5524764646534,7.5,7.5
724.518404128341,669.4911049706952,7.5,7.5
724.516786331213,671.429733484347,7.5,7.5
724.5151776695727,673.3683620055995,7.5,7.5
724.5135781869208,675.3069905344472,7.5,7.5
724.5119879267575,677.245619070882,7.5,7.5
724.5104069325834,679.1842476148963,7.5,7.5
724.5088352478949,681.1228761664797,7.5,7.5
724.5072729161922,683.0615047256229,7.5,7.5
724.5057199809723,685.0001332923167,7.5,7.5
724.5041764857324,686.938761866549,7.5,7.5
724.5026424739694,688.8773904483089,7.5,7.5
724.501117989176,690.8160190375836,7.5,7.5
724.4996030748609,692.7546476343612,7.5,7.5
724.4980977744738,694.693276238627,7.5,7.5
724.496602131649,696.6319048503669,7.5,7.5
724.495116189466,698.5705334695687,7.5,7.5
724.4936399925505,700.5091620962135,7.5,7.5
724.4921735817259,702.4477907302878,7.5,7.5
724.4907170045637,704.3864193717728,7.5,7.5
724.4892654715233,706.3250480170268,7.5,7.5
724.486948047929,708.2636758206038,7.5,7.5
724.4803005379804,710.202293612305,7.5,7.5
724.4652433007922,712.1408643260154,7.5,7.5
724.4376937534533,714.0792977524728,7.5,7.5
724.3935686776866,716.0174247102864,7.5,7.5
724.3291961913455,717.9549848518103,7.5,7.5
724.2445935193996,719.8917671099221,7.5,7.5
724.1417844693685,721.8276683037881,7.5,7.5
724.0228124072805,723.7626434417604,7.5,7.5
723.8897152299108,725.6966983212612,7.5,7.5
723.7444854592936,727.6298800116507,7.5,7.5
723.5878314545339,729.5621694977808,7.5,7.5
723.4189287131178,731.493426859104,7.5,7.5
723.2368628846642,733.4234877818934,7.5,7.5
723.0407217660104,735.3521691425948,7.5,7.5
722.8295975192084,737.2792679161832,7.5,7.5
722.6029147670456,739.204598552256,7.5,7.5
722.3609808095367,741.1280722568007,7.5,7.5
722.1042639167418,743.0496288053355,7.5,7.5
721.8332309808724,744.9692184182222,7.5,7.5
721.5483471756631,746.8868013630397,7.5,7.5
721.2499190194914,748.8023231644657,7.5,7.5
720.9373746814961,750.715592401202,7.5,7.5
720.6097380214042,752.6263350190574,7.5,7.5
720.2660280945676,754.5342518474573,7.5,7.5
719.9052680701733,756.4390183200915,7.5,7.5
719.526701223901,758.340335042689,7.5,7.5
719.1306664841532,760.2380858583256,7.5,7.5
718.7184226455701,762.1323759539421,7.5,7.5
718.2917077213757,764.0234598967274,7.5,7.5
717.8521134244529,765.9115910792261,7.5,7.5
717.4013157472152,767.7970792136142,7.5,7.5
716.9402620831858,769.680085529206,7.5,7.5
716.4686497231125,771.5604750361445,7.5,7.5
715.9858147615585,773.4380142986857,7.5,7.5
715.4911454243318,775.3124702873863,7.5,7.5
714.98403935181,777.183600063734,7.5,7.5
714.4637765726178,779.0511145125622,7.5,7.5
713.9291982436013,780.9145814197087,7.5,7.5
713.3788957591138,782.7734656398454,7.5,7.5
712.8114948689699,784.6272021311015,7.5,7.5
712.2256167669867,786.4751825386383,7.5,7.5
711.620006391556,788.3167891201393,7.5,7.5
710.9952915584028,790.1520047291724,7.5,7.5
710.3539716043408,791.9814831795944,7.5,7.5
709.698628832328,793.8059857241979,7.5,7.5
709.0317894806172,795.6263174806134,7.5,7.5
708.3560428894159,797.4433621129081,7.5,7.5
707.6724060794171,799.2574525013318,7.5,7.5
706.9794882392353,801.0680181281526,7.5,7.5
706.275311074954,802.8742345079991,7.5,7.5
705.5580115096622,804.67528007371,7.5,7.5
704.8256547871642,806.470255242208,7.5,7.5
704.0769648198025,808.2584793827401,7.5,7.5
703.3123566707455,810.0399552102903,7.5,7.5
702.5332301993158,811.8151326514499,7.5,7.5
701.7408412825987,813.5844338908178,7.5,7.5
700.9363399527734,815.3482538764723,7.5,7.5
700.1209467977129,817.1070651478185,7.5,7.5
699.2948227123875,818.8608616473412,7.5,7.5
698.457269056092,820.6092285975387,7.5,7.5
697.6075534459965,822.3517171959422,7.5,7.5
696.7449533690445,824.0878635721573,7.5,7.5
695.8687568348321,825.817187944014,7.5,7.5
694.9785918965956,827.5393637436522,7.5,7.5
694.074719202836,829.254384821646,7.5,7.5
693.1574720509257,830.9622902029053,7.5,7.5
692.2271789614194,832.6631246752613,7.5,7.5
691.2841646459912,834.3569390492981,7.5,7.5
690.3287503366181,836.0437901481051,7.5,7.5
689.3612562875857,837.7237420515057,7.5,7.5
688.3820004438929,839.3968652155436,7.5,7.5
687.3912980531575,841.063236096005,7.5,7.5
686.3894607894035,842.722936434642,7.5,7.5
685.3767620936408,844.3760318620933,7.5,7.5
684.3530658624982,846.0223395986563,7.5,7.5
683.3179671357315,847.6615021154336,7.5,7.5
682.2710585075089,849.2931471302209,7.5,7.5
681.2119396812178,850.9168929383779,7.5,7.5
680.1402253296569,852.5323530856612,7.5,7.5
679.0557852081729,854.1392982432891,7.5,7.5
677.9588483490578,855.7377389413397,7.5,7.5
676.8496830873248,857.327718676172,7.5,7.5
675.72855376099,858.9092850361116,7.5,7.5
674.5957222026818,860.4824906336237,7.5,7.5
673.4515085769805,862.0474373175069,7.5,7.5
672.2964629074422,863.6044122663833,7.5,7.5
671.1310375177795,865.1536305081528,7.5,7.5
669.955715123378,866.6953498077696,7.5,7.5
668.7710429372086,868.2298971044025,7.5,7.5
667.5774212241254,869.7574935353176,7.5,7.5
666.3746804049432,871.2779202368081,7.5,7.5
665.1622337484682,872.790618616261,7.5,7.5
663.9395218675061,874.2950316831636,7.5,7.5
662.7059894177773,875.790585463968,7.5,7.5
661.461095348255,877.2766949045955,7.5,7.5
660.2045795311353,878.7529913936794,7.5,7.5
658.936507463485,880.2193734527084,7.5,7.5
657.6569741884467,881.6757654670475,7.5,7.5
656.3660732392906,883.1220911442093,7.5,7.5
655.0638909356835,884.5582680943219,7.5,7.5
653.750578741723,885.984274463714,7.5,7.5
652.4264195330534,887.4002142830963,7.5,7.5
651.0917384034682,888.8062403877975,7.5,7.5
649.7468473403035,890.2025036661901,7.5,7.5
648.3920598175482,891.5891665348045,7.5,7.5
647.0276527284542,892.9663653564938,7.5,7.5
645.6537717965978,894.3341132222721,7.5,7.5
644.2704773352953,895.6923398577865,7.5,7.5
642.8778347922785,897.0409798779356,7.5,7.5
641.4759104168469,898.3799686746506,7.5,7.5
640.0647483412872,899.7092185918738,7.5,7.5
638.6441186184665,901.0283447689451,7.5,7.5
637.2135122621374,902.3366450876038,7.5,7.5
635.772403163008,903.6333654749866,7.5,7.5
634.3203047910883,904.9177765399128,7.5,7.5
632.8568155606836,906.1891990264514,7.5,7.5
631.3817557472702,907.4471664810135,7.5,7.5
629.895690901878,908.6921139849339,7.5,7.5
628.399416346727,909.9247719288871,7.5,7.5
626.8937092006281,911.1458899247615,7.5,7.5
625.3793248569356,912.3562299926708,7.5,7.5
623.8568618156316,913.5563922815833,7.5,7.5
622.325778770506,914.7455381271889,7.5,7.5
620.7850243989649,915.9221260420986,7.5,7.5
619.2335732850314,917.0845728176067,7.5,7.5
617.6704453148968,918.2312699136429,7.5,7.5
616.0947332496252,919.3606124773122,7.5,7.5
614.506684555452,920.4725406527998,7.5,7.5
612.9078089171531,921.5688434926044,7.5,7.5
611.2996509114913,922.6514842166132,7.5,7.5
609.6836963452322,923.7224529288173,7.5,7.5
608.0613857347178,924.7837687927743,7.5,7.5
606.4337528731688,925.8369043423174,7.5,7.5
604.8009060730973,926.8819375614504,7.5,7.5
603.1627858402114,927.9186849956508,7.5,7.5
601.5193370304111,928.946964695511,7.5,7.5
599.8705068455117,929.9665931273591,7.5,7.5
598.2162163463582,930.9773384408227,7.5,7.5
596.5562445779503,931.9787259070436,7.5,7.5
594.8903202552651,932.9701790256496,7.5,7.5
593.2181805431647,933.9511132253344,7.5,7.5
591.5395734011494,934.9209385831759,7.5,7.5
589.8542768334515,935.8790923159036,7.5,7.5
588.1622780903598,936.8253604932299,7.5,7.5
586.4637316474162,937.7598243963929,7.5,7.5
584.7588142899355,938.6826237334122,7.5,7.5
583.0476917596271,939.5938610700456,7.5,7.5
581.3305132309209,940.4936272283462,7.5,7.5
579.6073461560082,941.3818720927115,7.5,7.5
577.8781561896269,942.2583337207996,7.5,7.5
576.1428863276591,943.1226957742866,7.5,7.5
574.4014870770658,943.9746415600564,7.5,7.5
572.6539236794954,944.8138706675004,7.5,7.5
570.9001021350855,945.6399417463607,7.5,7.5
569.1397545512277,946.4520127678172,7.5,7.5
567.3725403713815,947.2490305066705,7.5,7.5
565.5981570608812,948.0299574626046,7.5,7.5
563.8163152760316,948.7937138076328,7.5,7.5
562.0268220980236,949.5393640579146,7.5,7.5
560.2300907829292,950.2674033524518,7.5,7.5
558.4270431541039,950.979654643263,7.5,7.5
556.6185496319196,951.6779631582552,7.5,7.5
554.8054363690809,952.3641866803554,7.5,7.5
552.9885014750258,953.0402283460463,7.5,7.5
551.1680358791318,953.7067025865443,7.5,7.5
549.3436514325787,954.3623736479246,7.5,7.5
547.5148618192209,955.0056555557697,7.5,7.5
545.6812316980339,955.6350077565569,7.5,7.5
543.842344014452,956.2488272641621,7.5,7.5
541.9979519422328,956.8459044790542,7.5,7.5
540.1481482786883,957.4259966116404,7.5,7.5
538.2931813389455,957.9893748529325,7.5,7.5
536.4332924783782,958.536302911997,7.5,7.5
534.5687152607616,959.0669967710046,7.5,7.5
532.6996353942062,959.5816066018227,7.5,7.5
530.8263491656123,960.0806876618943,7.5,7.5
528.9492054438697,960.5650579323068,7.5,7.5
527.0685364826612,961.0355549156684,7.5,7.5
525.1846546226969,961.4930177471288,7.5,7.5
523.2978545210725,961.9382912224198,7.5,7.5
521.4082678823297,962.3715873924857,7.5,7.5
519.5157812959889,962.7920366832393,7.5,7.5
517.6202708937794,963.1986365805467,7.5,7.5
515.7216353987768,963.5903843826512,7.5,7.5
513.8197961810451,963.9662711802484,7.5,7.5
511.91475530958195,964.3255791575732,7.5,7.5
510.00676831764997,964.6688994492326,7.5,7.5
508.096139611333,964.9971997086066,7.5,7.5
506.1831501725343,965.3114520925311,7.5,7.5
504.2680587941914,965.6126299545712,7.5,7.5
502.35109781170036,965.9016693204202,7.5,7.5
500.4324156318647,966.1790532294376,7.5,7.5
498.51211235810126,966.4449826544336,7.5,7.5
496.59028307933903,966.6996498195888,7.5,7.5
494.6670194221198,966.9432478891401,7.5,7.5
492.7424086026356,967.1759629989784,7.5,7.5
490.8165023291926,967.3977019957464,7.5,7.5
488.8893154016157,967.6080200120429,7.5,7.5
486.96086654860517,967.8064341106565,7.5,7.5
485.0311835244387,967.9924624896015,7.5,7.5
483.10030327369094,968.1656231817201,7.5,7.5
481.16829232440404,968.3256755869829,7.5,7.5
479.2352666181554,968.4729669326283,7.5,7.5
477.3013454402999,968.6079932153531,7.5,7.5
475.36663855412996,968.7312493486472,7.5,7.5
473.4312443433899,968.8432524551312,7.5,7.5
471.49524974744145,968.9443311182351,7.5,7.5
469.55870618557327,969.0342208698277,7.5,7.5
467.6216443308094,969.1121640079282,7.5,7.5
465.68411588898914,969.1774815761431,7.5,7.5
463.74618343298846,969.2294583349468,7.5,7.5
461.80792802433643,969.267498050956,7.5,7.5
459.8694590863669,969.292444245781,7.5,7.5
457.93088183760847,969.3066285119517,7.5,7.5
455.99226130444174,969.3124387619938,7.5,7.5
454.05363213020837,969.3122593274893,7.5,7.5
452.11500654770396,969.3084840440079,7.5,7.5
450.17638594242567,969.302721736998,7.5,7.5
448.23777025140816,969.2954866031839,7.5,7.5
446.29915913275335,969.2871162305152,7.5,7.5
444.36055152752186,969.2779682972861,7.5,7.5
442.42194595340936,969.268399426549,7.5,7.5
440.4833411416887,969.2586775858733,7.5,7.5
438.54473656115334,969.2489096806875,7.5,7.5
436.6061318625344,969.2391652857484,7.5,7.5
434.66752682610206,969.2294883071528,7.5,7.5
432.7289210267003,969.2199654099797,7.5,7.5
430.79031422137075,969.210649530314,7.5,7.5
428.85170639085067,969.2015494970275,7.5,7.5
426.9130975785208,969.1926610785936,7.5,7.5
424.9744878288631,969.1839795041146,7.5,7.5
423.03587718423427,969.175500132611,7.5,7.5
421.09726568569835,969.1672182880301,7.5,7.5
419.1586533728478,969.1591293034255,7.5,7.5
417.220040283895,969.151228509142,7.5,7.5
415.2814264556916,969.1435112359857,7.5,7.5
413.34281192376227,969.135972814387,7.5,7.5
411.4041967223414,969.1286085746344,7.5,7.5
409.46558088440463,969.1214138468207,7.5,7.5
407.52696444170357,969.1143839608679,7.5,7.5
405.58834742479877,969.1075142465279,7.5,7.5
403.64972986309425,969.1008000333948,7.5,7.5
401.7111117848697,969.0942366509075,7.5,7.5
399.77249321731665,969.0878194283619,7.5,7.5
397.8338741865691,969.0815436949135,7.5,7.5
395.89525471773925,969.0754047795876,7.5,7.5
393.956634834951,969.0693980112851,7.5,7.5
392.01801456137264,969.0635187187888,7.5,7.5
390.0793939192529,969.0577622307744,7.5,7.5
388.140772929951,969.0521238758113,7.5,7.5
386.2021516139746,969.0465989823751,7.5,7.5
384.26352999100857,969.04118287885,7.5,7.5
382.3249080799542,969.0358708935391,7.5,7.5
380.3862858989593,969.0306583546702,7.5,7.5
378.44766346545225,969.0255405904004,7.5,7.5
376.50904079617715,969.0205129288292,7.5,7.5
374.57041790722695,969.0155706979845,7.5,7.5
372.63179481407633,969.0107092259046,7.5,7.5
370.693171531617,969.0059238403657,7.5,7.5
368.75454807418845,969.0012098699266,7.5,7.5
366.81592445562273,968.9965626400702,7.5,7.5
364.87730068923963,968.9919774876034,7.5,7.5
362.9386767880118,968.9874497070575,7.5,7.5
361.0000527641295,968.9829747503562,7.5,7.5
359.061428630762,968.978547483144,7.5,7.5
357.12280439566933,968.974164954815,7.5,7.5
355.1841800851509,968.9698160806073,7.5,7.5
353.24555565499696,968.9655200753296,7.5,7.5
351.3069318112282,968.9609725370128,7.5,7.5
349.36830712214606,968.9567912138124,7.5,7.5
347.429682586992,968.9525446028263,7.5,7.5
345.4910579637674,968.948336970439,7.5,7.5
343.55243333034053,968.9441344564725,7.5,7.5
341.6138086787624,968.9399402095223,7.5,7.5
339.6751840240076,968.9357474623552,7.5,7.5
337.73655937488195,968.9315521046135,7.5,7.5
335.79793474186084,968.927349314161,7.5,7.5
333.85931013503006,968.9231344596709,7.5,7.5
331.92068556468087,968.9189028587988,7.5,7.5
329.9820610411935,968.9146498429843,7.5,7.5
328.0434365751131,968.9103707400985,7.5,7.5
326.10481217716864,968.9060608790995,7.5,7.5
324.16618785831264,968.901715588793,7.5,7.5
322.2275636297531,968.8973301981739,7.5,7.5
320.2889395029885,968.8929000363412,7.5,7.5
318.3503154898393,968.8884204325301,7.5,7.5
316.41169160248455,968.8838867161115,7.5,7.5
314.47306785349207,968.8792942166002,7.5,7.5
312.53444425585593,968.87463826366,7.5,7.5
310.59582082302825,968.8699141871118,7.5,7.5
308.65719756895237,968.8651173169386,7.5,7.5
306.71857450809694,968.8602429832933,7.5,7.5
304.7799516554914,968.8552865165053,7.5,7.5
302.8413290267568,968.850243247085,7.5,7.5
300.9027066381417,968.8451085057338,7.5,7.5
298.9640845065546,968.8398776233478,7.5,7.5
297.025462649599,968.8345459310254,7.5,7.5
295.08684108560567,968.8291087600721,7.5,7.5
293.1482198336663,968.823561442024,7.5,7.5
291.2095989136682,968.8178993085832,7.5,7.5
289.2709783463272,968.8121176918914,7.5,7.5
287.3323581532238,968.8062119235414,7.5,7.5
285.3937383568246,968.8001773383056,7.5,7.5
283.4551189805638,968.7940092602412,7.5,7.5
281.51650004869373,968.7877030545895,7.5,7.5
279.5778815870105,968.7812539341264,7.5,7.5
277.6392636202978,968.774657681838,7.5,7.5
275.7006461820261,968.7679079541917,7.5,7.5
273.76202927831963,968.7610063442572,7.5,7.5
271.823413022576,968.7539248306864,7.5,7.5
269.8847971332831,968.7467458998711,7.5,7.5
267.94618280806776,968.7391396838719,7.5,7.5
266.00756557008435,968.7323597192186,7.5,7.5
264.0689516418058,968.7246715032239,7.5,7.5
262.1303386317481,968.7167497139026,7.5,7.5
260.1917264286979,968.7086364689796,7.5,7.5
258.253120228158,968.6991934521889,7.5,7.5
256.3145446566011,968.6847790217265,7.5,7.5
254.3760590801249,968.66117419252,7.5,7.5
252.4377837494573,968.6241530945254,7.5,7.5
250.49989990242048,968.5698604429308,7.5,7.5
248.5627312085426,968.494589611735,7.5,7.5
246.62653460127208,968.3974903659384,7.5,7.5
244.69145326098294,968.2802632213009,7.5,7.5
242.75760105574264,968.144251406077,7.5,7.5
240.8250469820385,967.9908956529869,7.5,7.5
238.89382321091293,967.8216107453193,7.5,7.5
236.9638941127723,967.6381519490716,7.5,7.5
235.0351481335818,967.4426474996571,7.5,7.5
233.10742905748887,967.2372633623646,7.5,7.5
231.18055376003375,967.0241103586586,7.5,7.5
229.2542950624265,966.8054517894593,7.5,7.5
227.32863611653377,966.5815744119316,7.5,7.5
225.40394837148511,966.3494962298681,7.5,7.5
223.48074222463387,966.1054446615487,7.5,7.5
221.5595773779409,965.8458101827168,7.5,7.5
219.64112845332428,965.56681952223,7.5,7.5
217.72602955059443,965.2656961987982,7.5,7.5
215.8144741079764,964.942831713928,7.5,7.5
213.9063221814098,964.6004306337259,7.5,7.5
212.0013949865834,964.2405196761023,7.5,7.5
210.0994475963048,963.8651811239555,7.5,7.5
208.2002109976947,963.4763564928238,7.5,7.5
206.3035686913788,963.0750702502485,7.5,7.5
204.40957416694295,962.6614665400901,7.5,7.5
202.5182905445109,962.2356388609551,7.5,7.5
200.62977787481026,961.7976850402006,7.5,7.5
198.74409763769685,961.3476945511815,7.5,7.5
196.86127315485734,960.8858912799758,7.5,7.5
194.98130220969023,960.4125961936772,7.5,7.5
193.10419696725052,959.9280763622228,7.5,7.5
191.22993364606393,959.432677492873,7.5,7.5
189.35848932448158,958.9267335744183,7.5,7.5
187.4898896335518,958.4103825404821,7.5,7.5
185.62439940468371,957.8829080644209,7.5,7.5
183.76237592061273,957.3433233276352,7.5,7.5
181.90419685686365,956.7906446914524,7.5,7.5
180.05026032382256,956.2238973753037,7.5,7.5
178.2009775907816,955.6421444457419,7.5,7.5
176.35662390400375,955.0449488410874,7.5,7.5
174.5173717993826,954.4322214600138,7.5,7.5
172.68339296306672,953.8038865538919,7.5,7.5
170.85486273748216,953.1598676454157,7.5,7.5
169.03195956716803,952.5000895228334,7.5,7.5
167.21484136904414,951.8245419122532,7.5,7.5
165.4036271100781,951.1333212182432,7.5,7.5
163.59842971358063,950.4265358953253,7.5,7.5
161.7993607850839,949.7042934717692,7.5,7.5
160.00653051799054,948.9667009029358,7.5,7.5
158.22001825733508,948.2139346441555,7.5,7.5
156.43978380307826,947.4464397402495,7.5,7.5
154.66573972724635,946.6647423852379,7.5,7.5
152.89778721591964,945.869363838733,7.5,7.5
151.1358162729498,945.0608209641032,7.5,7.5
149.37967610841991,944.2396907612269,7.5,7.5
147.6289655162639,943.4070470504612,7.5,7.5
145.88310828658982,942.5642744481155,7.5,7.5
144.14149424396922,941.7127677370748,7.5,7.5
142.40349739641638,940.8539021582193,7.5,7.5
140.66851925398905,939.9889549329554,7.5,7.5
138.93685373354288,939.1173883559316,7.5,7.5
137.20944023368202,938.2374284572385,7.5,7.5
135.48753911347967,937.3467330416408,7.5,7.5
133.77253700052046,936.4428235044691,7.5,7.5
132.06582778163346,935.5233535549446,7.5,7.5
130.3685088569729,934.5866620790572,7.5,7.5
128.68087636673067,933.6326283050298,7.5,7.5
127.0029137666281,932.6616884182513,7.5,7.5
125.33463454052773,931.6742028096999,7.5,7.5
123.67604827825575,930.670522223908,7.5,7.5
122.02707348266955,929.6511282392862,7.5,7.5
120.387149055624,928.6172366859694,7.5,7.5
118.75532700900531,927.5706041260372,7.5,7.5
117.1306386515324,926.5129316048561,7.5,7.5
115.51207493916277,925.4459104536414,7.5,7.5
113.89862571264794,924.3711703674074,7.5,7.5
112.29015624170576,923.2889926645142,7.5,7.5
110.68759294469037,922.1980874109142,7.5,7.5
109.09197477224342,921.0970490388048,7.5,7.5
107.50435013340936,919.9845149759528,7.5,7.5
105.92583680705201,918.8590918619609,7.5,7.5
104.35707981278159,917.7201079277813,7.5,7.5
102.7977782463981,916.5682129152183,7.5,7.5
101.2472973259706,915.404472394437,7.5,7.5
99.70502608380868,914.2298735586513,7.5,7.5
98.17029451519971,913.0454402589967,7.5,7.5
96.64266721763686,911.8518576027192,7.5,7.5
95.12252151137567,910.6487628834255,7.5,7.5
93.61073683473194,909.4351718558456,7.5,7.5
92.10815638597768,908.2101986635706,7.5,7.5
90.61569779808167,906.9729228103225,7.5,7.5
89.13434267825156,905.7223749965178,7.5,7.5
87.6640714526984,904.4588143451454,7.5,7.5
86.20379514155618,903.1837158028302,7.5,7.5
84.75230281455545,901.8986270298165,7.5,7.5
83.30836458053739,900.6050561963104,7.5,7.5
81.87071288460194,899.3045022490253,7.5,7.5
80.43898208291532,897.9974328768933,7.5,7.5
79.01496895046492,896.6819597344512,7.5,7.5
77.60087590768453,895.3558284606937,7.5,7.5
76.19895151193211,894.0168397407926,7.5,7.5
74.8115024917297,892.6628569919396,7.5,7.5
73.44052982217299,891.2921943368498,7.5,7.5
72.0852583460231,889.9060044197091,7.5,7.5
70.74363633139613,888.5065997347554,7.5,7.5
69.41352417585851,887.0962505296736,7.5,7.5
68.09274613591104,885.6771563357659,7.5,7.5
66.7791579675254,884.2514041279669,7.5,7.5
65.4722503568642,882.81952573126,7.5,7.5
64.17302027206635,881.3806774908651,7.5,7.5
62.88258785205379,879.9339337966597,7.5,7.5
61.60207884318103,878.4783995933764,7.5,7.5
60.33263657083148,877.013203519468,7.5,7.5
59.075060411998486,875.5378103036523,7.5,7.5
57.82947468599341,874.0522802331774,7.5,7.5
56.595870673960555,872.5567858431662,7.5,7.5
55.37423487167516,871.0514906637718,7.5,7.5
54.16450152660062,869.5366163061161,7.5,7.5
52.96669733577288,868.0122983974043,7.5,7.5
51.78093322368532,866.4785945461072,7.5,7.5
50.607289337512974,864.9355965219628,7.5,7.5
49.44585685631672,863.3833858993231,7.5,7.5
48.2967215699126,861.8220495857335,7.5,7.5
47.15998767729171,860.2516612104052,7.5,7.5
46.03598317008668,858.6721369919674,7.5,7.5
44.925269216551676,857.0832386704066,7.5,7.5
43.82842590276037,855.48473393182,7.5,7.5
42.74602326933444,853.8764152520151,7.5,7.5
41.678704779861434,852.2580482598853,7.5,7.5
40.626183535461315,850.6300179464469,7.5,7.5
39.58657656843329,848.9937109183866,7.5,7.5
38.55760221902621,847.3506969029453,7.5,7.5
37.537017820629316,845.7024582888876,7.5,7.5
36.52248760331703,844.0504861316846,7.5,7.5
35.512098397406,842.3959780841568,7.5,7.5
34.50503190492115,840.7394455344474,7.5,7.5
33.50095088796786,839.0811016237903,7.5,7.5
32.49947556279989,837.4211828779282,7.5,7.5
31.50016950867113,835.7599572762094,7.5,7.5
30.50302156798798,834.0974351759428,7.5,7.5
29.509900821272055,832.4325044967723,7.5,7.5
28.52400037931267,830.7632879397722,7.5,7.5
27.54844002910882,829.088007391938,7.5,7.5
26.586413273361995,827.4049182041247,7.5,7.5
25.641081776133923,825.7123970940503,7.5,7.5
24.714182547693063,824.009710306193,7.5,7.5
23.80567593410187,822.297139621989,7.5,7.5
22.91531803261098,820.5750632477294,7.5,7.5
22.04289196931655,818.8438347107389,7.5,7.5
21.18811184266129,817.1038202799323,7.5,7.5
20.350561612762178,815.3554395845396,7.5,7.5
19.529770115835092,813.5991404746661,7.5,7.5
18.7251737030865,811.8353640900177,7.5,7.5
17.936125324087413,810.0645772461861,7.5,7.5
17.161972581158345,808.2872279887924,7.5,7.5
16.402142086068544,806.5037087219714,7.5,7.5
15.65725843242726,804.7138954639885,7.5,7.5
14.928679627038804,802.9173832619489,7.5,7.5
14.217812257386722,801.1137894659065,7.5,7.5
13.526062895197622,799.302776972667,7.5,7.5
12.854864677551307,797.4840476935452,7.5,7.5
12.203977575748349,795.6579511907102,7.5,7.5
11.570638496507314,793.8256943773114,7.5,7.5
10.951749036437139,791.9885066089812,7.5,7.5
10.344212166640215,790.1475334611193,7.5,7.5
9.744894584868545,788.3038682601973,7.5,7.5
9.151902800568712,786.4581585830641,7.5,7.5
8.567297024225159,784.6097757490055,7.5,7.5
7.994152326226133,782.7578069588458,7.5,7.5
7.435556359192245,780.9013982029684,7.5,7.5
6.894615966142159,779.0397679340801,7.5,7.5
6.374035734066437,777.1723421645252,7.5,7.5
5.873524926140307,775.2994377508046,7.5,7.5
5.390790308025735,773.4218660340215,7.5,7.5
4.923671425014976,771.5403494212254,7.5,7.5
4.4699801342079395,769.6555568800577,7.5,7.5
4.027382559010024,767.7681265403904,7.5,7.5
3.595056316181853,765.8783179915292,7.5,7.5
3.17411276264859,763.9859412123021,7.5,7.5
2.7659144811809266,762.0907744202667,7.5,7.5
2.371796325940023,760.1926294336652,7.5,7.5
1.9931414846650735,758.291339599555,7.5,7.5
1.6310330522737873,756.3868290511581,7.5,7.5
1.285867126568875,754.4791750483616,7.5,7.5
0.9577752080377757,752.5685105456885,7.5,7.5
0.6469352742897019,750.6549637123543,7.5,7.5
0.3534639290661441,748.7386762463185,7.5,7.5
0.07777098735673098,746.8197497714993,7.5,7.5
-0.1781825341419392,744.8980916341802,7.5,7.5
-0.4111708315829162,742.973513803881,7.5,7.5
-0.6180113112448069,741.0459501929802,7.5,7.5
-0.7954163141042512,739.1154561010216,7.5,7.5
-0.9404239252590297,737.1822531454052,7.5,7.5
-1.053502771617347,735.2468923400465,7.5,7.5
-1.1391906834889483,733.3101557317898,7.5,7.5
-1.204026210152095,731.3726114904698,7.5,7.5
-1.2545616936553523,729.4346409544355,7.5,7.5
-1.2973122742454648,727.4964831996733,7.5,7.5
-1.3376071650864172,725.5582727831091,7.5,7.5
-1.3757605827660488,723.6200190842428,7.5,7.5
-1.4105078109379312,721.6817013102485,7.5,7.5
-1.440580153768968,719.7433053942216,7.5,7.5
-1.4647164470573633,717.804826417957,7.5,7.5
-1.4818379739773504,715.8662728832467,7.5,7.5
-1.4925129747505244,713.9276730820446,7.5,7.5
-1.4981731366573696,711.9890521548555,7.5,7.5
-1.5002831561321504,710.0504241132433,7.5,7.5
-1.5002962403079863,708.1117949250131,7.5,7.5
-1.4996224759465995,706.1731658506147,7.5,7.5
-1.4989085397689639,704.2345367941074,7.5,7.5
-1.4981969795067698,702.2959077357958,7.5,7.5
-1.4974793275749534,700.3572786800901,7.5,7.5
-1.4967722023240273,698.4186496199914,7.5,7.5
-1.4959610478816987,696.4800206020416,7.5,7.5
-1.4952638008858936,694.541391537839,7.5,7.5
-1.4945359178062492,692.6027624859962,7.5,7.5
-1.493813904243172,690.664133431713,7.5,7.5
-1.4930879959236076,688.7255043789512,7.5,7.5
-1.492360826712377,686.7868753266442,7.5,7.5
-1.4916317083604596,684.8482462750746,7.5,7.5
-1.4909008427879247,682.9096172241616,7.5,7.5
-1.4901681933918354,680.9709881739224,7.5,7.5
-1.489433787482143,679.0323591243476,7.5,7.5
-1.4886976352432515,677.0937300754347,7.5,7.5
-1.4879597514484557,675.1551010271802,7.5,7.5
-1.4872201496415052,673.2164719795808,7.5,7.5
-1.4864788436956686,671.2778429326324,7.5,7.5
-1.4857358473959827,669.3392138863304,7.5,7.5
-1.4849911745511826,667.400584840672,7.5,7.5
-1.4842448389637153,665.4619557956529,7.5,7.5
-1.4834968544377711,663.5233267512697,7.5,7.5
-1.4827472347771338,661.5846977075175,7.5,7.5
-1.481995993785756,659.6460686643933,7.5,7.5
-1.4812431452675987,657.7074396218932,7.5,7.5
-1.4804887030266822,655.7688105800121,7.5,7.5
-1.4797326808670683,653.830181538746,7.5,7.5
-1.4789750925928655,651.8915524980922,7.5,7.5
-1.4782159520082303,649.9529234580451,7.5,7.5
-1.477455272917357,648.0142944186011,7.5,7.5
-1.4766930691245073,646.075665379756,7.5,7.5
-1.4759293544339156,644.1370363415058,7.5,7.5
-1.475164142650112,642.1984073038461,7.5,7.5
-1.474397447576745,640.2597782667721,7.5,7.5
-1.473629283020957,638.3211492302792,7.5,7.5
-1.4728596627770691,636.3825201943644,7.5,7.5
-1.472088600687463,634.4438911590229,7.5,7.5
-1.4713161104153658,632.5052621242494,7.5,7.5
-1.4705422062927835,630.5666330900397,7.5,7.5
-1.4697669001561096,628.6280040563902,7.5,7.5
-1.4689902131553965,626.689375023294,7.5,7.5
-1.468212131682982,624.7507459907572,7.5,7.5
-1.4674327718447677,622.812116958731,7.5,7.5
-1.466651765664553,620.8734879273758,7.5,7.5
-1.4658705517297166,618.9348588960758,7.5,7.5
-1.4650838266428978,616.996229867105,7.5,7.5
-1.464311447702264,615.0576008319537,7.5,7.5
-1.4634773440396993,613.118971823227,7.5,7.5
-1.4626834493160075,611.1803427972487,7.5,7.5
-1.4618973025187985,609.241713767923,7.5,7.5
-1.4611074926360292,607.3030847401385,7.5,7.5
-1.460317092519523,605.3644557125808,7.5,7.5
-1.4595252961453051,603.4258266855977,7.5,7.5
-1.4587323370327043,601.4871976590882,7.5,7.5
-1.4579381701039953,599.5485686330736,7.5,7.5
-1.4571428249449296,597.609939607542,7.5,7.5
-1.4563463111317723,595.6713105824904,7.5,7.5
-1.4555486436032743,593.7326815579127,7.5,7.5
-1.4547498358611288,591.7940525338043,7.5,7.5
-1.4539499017922015,589.855423510161,7.5,7.5
-1.453148855180183,587.916794486977,7.5,7.5
-1.4523467098364575,585.978165464247,7.5,7.5
-1.4515434795650468,584.0395364419654,7.5,7.5
-1.4507391781719932,582.1009074201296,7.5,7.5
-1.4499338194628426,580.1622783987319,7.5,7.5
-1.4491274172433215,578.2236493777679,7.5,7.5
-1.4483199853191586,576.2850203572327,7.5,7.5
-1.4475115374961356,574.3463913371208,7.5,7.5
-1.4467020875800602,572.4077623174271,7.5,7.5
-1.4458916493767833,570.4691332981467,7.5,7.5
-1.44508023669219,568.5305042792728,7.5,7.5
-1.44426786333221,566.5918752608015,7.5,7.5
-1.4434545431027985,564.6532462427284,7.5,7.5
-1.442640289809961,562.7146172250459,7.5,7.5
-1.4418251172597274,560.77598820775,7.5,7.5
-1.4410090392581612,558.8373591908346,7.5,7.5
-1.4401920696114172,556.8987301742958,7.5,7.5
-1.439374222125459,554.9601011581265,7.5,7.5
-1.43855551060714,553.0214721423217,7.5,7.5
-1.437735948860155,551.0828431268767,7.5,7.5
-1.436915550700171,549.1442141117851,7.5,7.5
-1.436094329898319,547.2055850970423,7.5,7.5
-1.435272300392129,545.2669560826412,7.5,7.5
-1.4344494754982657,543.3283270685785,7.5,7.5
-1.4336258708506904,541.3896980548461,7.5,7.5
-1.432801493435253,539.451069041443,7.5,7.5
-1.4319763825129272,537.5124400283515,7.5,7.5
-1.4311504568939482,535.5738110156072,7.5,7.5
-1.4303240849093721,533.6351820030501,7.5,7.5
-1.4294959572914834,531.6965529912557,7.5,7.5
-1.4286710254970676,529.7579239780462,7.5,7.5
-1.4278096364653525,527.8192949808689,7.5,7.5
-1.4269888101323185,525.8806659658422,7.5,7.5
-1.4261570380366055,523.9420369556223,7.5,7.5
-1.425327377172706,522.0034079444663,7.5,7.5
-1.4244963464437392,520.064778933905,7.5,7.5
-1.423664896110792,518.1261499235217,7.5,7.5
-1.4228327890591799,516.1875209134208,7.5,7.5
-1.422000106329781,514.248891903567,7.5,7.5
-1.4211668437142297,512.310262893962,7.5,7.5
-1.4203330198466035,510.3716338845981,7.5,7.5
-1.4194986472404238,508.43300487547117,7.5,7.5
-1.4186637400492412,506.494375866574,7.5,7.5
-1.4178283119872037,504.5557468579005,7.5,7.5
-1.4169923768862367,502.6171178494462,7.5,7.5
-1.4161559485467454,500.67848884120485,7.5,7.5
-1.415319040777618,498.73985983317056,7.5,7.5
-1.414481667385513,496.80123082533663,7.5,7.5
-1.4136438421777235,494.8626018176986,7.5,7.5
-1.4128055789614073,492.9239728102498,7.5,7.5
-1.4119668915437937,490.9853438029841,7.5,7.5
-1.4111277937321343,489.04671479589587,7.5,7.5
-1.4102882993337151,487.10808578897957,7.5,7.5
-1.4094484221558468,485.1694567822295,7.5,7.5
-1.408608176005868,483.23082777563917,7.5,7.5
-1.407767574691148,481.29219876920223,7.5,7.5
-1.406926632019089,479.353569762914,7.5,7.5
-1.4060853617971056,477.4149407567673,7.5,7.5
-1.405243777832688,475.4763117507574,7.5,7.5
-1.4044018939331822,473.5376827448772,7.5,7.5
-1.4035597239066073,471.5990537391216,7.5,7.5
-1.4027172815586102,469.6604247334844,7.5,7.5
-1.4018745807038062,467.7217957279592,7.5,7.5
-1.4010316351234708,465.78316672254016,7.5,7.5
-1.4001884587234377,463.8445377172217,7.5,7.5
-1.3993450649448205,461.9059087119979,7.5,7.5
-1.398501468963235,459.9672797068626,7.5,7.5
-1.397657679481019,458.0286507018112,7.5,7.5
-1.3968137293598624,456.0900216968296,7.5,7.5
-1.3959695612952603,454.15139269194293,7.5,7.5
-1.3951254544967178,452.212763687029,7.5,7.5
-1.394280432252017,450.2741346825165,7.5,7.5
-1.3934382051438416,448.33550567677463,7.5,7.5
-1.3925846008690757,446.3968766760367,7.5,7.5
-1.3917391330532005,444.4582476717206,7.5,7.5
-1.3908949543751061,442.51961866683655,7.5,7.5
-1.390050341809931,440.5809896621444,7.5,7.5
-1.389205774091978,438.64236065743177,7.5,7.5
-1.3883611404906055,436.7037316527479,7.5,7.5
-1.3875164881734814,434.7651026480715,7.5,7.5
-1.3866718220127527,432.8264736434023,7.5,7.5
-1.3858271582100583,430.8878446387314,7.5,7.5
-1.3849825099323216,428.94921563405416,7.5,7.5
-1.3841378911593754,427.0105866293633,7.5,7.5
-1.38329331565333,425.0719576246539,7.5,7.5
-1.382448797234656,423.13332861992035,7.5,7.5
-1.381604349708211,421.1946996151551,7.5,7.5
-1.3807599868830696,419.25607061035294,7.5,7.5
-1.3799157225671992,417.31744160550795,7.5,7.5
-1.3790715705688983,415.3788126006146,7.5,7.5
-1.3782275446964023,413.44018359566576,7.5,7.5
-1.3773836587579882,411.5015545906559,7.5,7.5
-1.376539926561951,409.5629255855789,7.5,7.5
-1.3756963619166145,407.62429658043,7.5,7.5
-1.3748529786303103,405.685667575202,7.5,7.5
-1.374009790511403,403.7470385698886,7.5,7.5
-1.373166811368274,401.80840956448446,7.5,7.5
-1.3723240550093243,399.86978055898305,7.5,7.5
-1.3714815352429734,397.9311515533797,7.5,7.5
-1.370639265877671,395.9925225476677,7.5,7.5
-1.3697972607218745,394.0538935418399,7.5,7.5
-1.3689555335840675,392.1152645358917,7.5,7.5
-1.3681140982727504,390.17663552981713,7.5,7.5
-1.367272968596471,388.23800652360956,7.5,7.5
-1.3664321583636534,386.29937751726294,7.5,7.5
-1.3655916813833047,384.36074851077285,7.5,7.5
-1.3647515514623403,382.4221195041322,7.5,7.5
-1.3639117824155615,380.48349049733486,7.5,7.5
-1.3630723880284492,378.54486149037524,7.5,7.5
-1.3622333821959451,376.6062324832474,7.5,7.5
-1.3613947784047409,374.66760347594595,7.5,7.5
-1.3605565916645939,372.728974468464,7.5,7.5
-1.3597188313034776,370.7903454607972,7.5,7.5
-1.3588815278456479,368.8517164529337,7.5,7.5
-1.3580446327417857,366.9130874448935,7.5,7.5
-1.3572083924289873,364.97445843657096,7.5,7.5
-1.3563719528929696,363.0358294283322,7.5,7.5
-1.3555434366243402,361.09720041669834,7.5,7.5
-1.3547071621485534,359.15857140838654,7.5,7.5
-1.3538734937100512,357.21994239895713,7.5,7.5
-1.3530398059585271,355.28131338953443,7.5,7.5
-1.3522068198500559,353.34268437981075,7.5,7.5
-1.3513743597175611,351.4040553698614,7.5,7.5
-1.3505424901388647,349.4654263596586,7.5,7.5
-1.3497112113196166,347.5267973492019,7.5,7.5
-1.3488805407136222,345.5881683384848,7.5,7.5
-1.348050491153174,343.64953932750166,7.5,7.5
-1.3472210767088817,341.7109103162469,7.5,7.5
-1.3463923111195786,339.77228130471434,7.5,7.5
-1.3455642082130128,337.8336522928985,7.5,7.5
-1.344736781793124,335.89502328079374,7.5,7.5
-1.3439100456702522,333.9563942683952,7.5,7.5
-1.3430840136530404,332.01776525569545,7.5,7.5
-1.3422586995506034,330.0791362426906,7.5,7.5
-1.341434117171948,328.1405072293744,7.5,7.5
-1.340610280326123,326.2018782157414,7.5,7.5
-1.339787202822185,324.26324920178524,7.5,7.5
-1.3389648984692075,322.32462018750124,7.5,7.5
-1.3381433810762744,320.38599117288396,7.5,7.5
-1.3373226644524805,318.4473621579271,7.5,7.5
-1.3365027624069352,316.50873314262515,7.5,7.5
-1.3356836887487606,314.570104126974,7.5,7.5
-1.3348654572870895,312.63147511096685,7.5,7.5
-1.3340480818310618,310.69284609459845,7.5,7.5
-1.3332315761898546,308.7542170778633,7.5,7.5
-1.3324159541725655,306.8155880607565,7.5,7.5
-1.3316012295886301,304.8769590432725,7.5,7.5
-1.3307874162462934,302.9383300254058,7.5,7.5
-1.3299745279582833,300.99970100715035,7.5,7.5
-1.329162578520647,299.0610719885018,7.5,7.5
-1.3283515817917577,297.12244296945465,7.5,7.5
-1.3275415513973954,295.18381395000387,7.5,7.5
-1.3267325018314913,293.2451849301427,7.5,7.5
-1.3259244443478717,291.3065559098684,7.5,7.5
-1.3251174022933374,289.3679268891707,7.5,7.5
-1.3243113538804796,287.4292978680595,7.5,7.5
-1.323506445775099,285.49066884647533,7.5,7.5
-1.3227021959296335,283.55203982461444,7.5,7.5
-1.321900468827251,281.6134108017221,7.5,7.5
-1.3210943710524887,279.67478178059076,7.5,7.5
-1.3203105215585578,277.7361527504349,7.5,7.5
-1.3195125507250227,275.79752372599245,7.5,7.5
-1.3187138433779242,273.8588947018403,7.5,7.5
-1.3179167620590495,271.92026567702214,7.5,7.5
-1.3171206920139538,269.98163665178765,7.5,7.5
-1.3163258153320385,268.04300762606397,7.5,7.5
-1.3155321007706786,266.10437859986433,7.5,7.5
-1.3147395742005288,264.16574957317863,7.5,7.5
-1.3139482462019432,262.2271205460024,7.5,7.5
-1.3131581314487732,260.28849151833185,7.5,7.5
-1.3123692435189809,258.3498624901622,7.5,7.5
-1.311581596283915,256.4112334614876,7.5,7.5
-1.3107952035363992,254.47260443230408,7.5,7.5
-1.3100100790902858,252.53397540260607,7.5,7.5
-1.309226236753797,250.59534637238923,7.5,7.5
-1.3084436903366796,248.6567173416493,7.5,7.5
-1.3076624536482753,246.71808831038064,7.5,7.5
-1.3068825404980373,244.77945927857917,7.5,7.5
-1.3061039646953991,242.84083024624036,7.5,7.5
-1.3053267400498036,240.90220121335932,7.5,7.5
-1.304550880370707,238.96357217993156,7.5,7.5
-1.3037763994675509,237.0249431459523,7.5,7.5
-1.3030033111498016,235.08631411141704,7.5,7.5
-1.302231629226915,233.14768507632155,7.5,7.5
-1.3014613675083577,231.20905604066166,7.5,7.5
-1.3006925398035998,229.270427004432,7.5,7.5
-1.2999251599221129,227.3317979676287,7.5,7.5
-1.2991592416733784,225.3931689302476,7.5,7.5
-1.2983947988668512,223.45453989228446,7.5,7.5
-1.29763184531211,221.51591085373403,7.5,7.5
-1.2968703948182685,219.57728181459325,7.5,7.5
-1.29611046119623,217.638652774857,7.5,7.5
-1.2953520582501745,215.7000237345212,7.5,7.5
-1.2945951998094087,213.76139469358196,7.5,7.5
-1.2938398996095413,211.82276565203523,7.5,7.5
-1.2930861717355928,209.8841366098763,7.5,7.5
-1.2923340289696592,207.94550756710166,7.5,7.5
-1.2915834889522761,206.00687852370592,7.5,7.5
-1.2908345512075998,204.06824947969062,7.5,7.5
-1.2900872828128136,202.12962043503143,7.5,7.5
-1.289341498951729,200.19099138979902,7.5,7.5
-1.288597954071256,198.25236234371297,7.5,7.5
-1.287853900293999,196.31373329779623,7.5,7.5
-1.2871406610980098,194.37510424041483,7.5,7.5
-1.2863950142991791,192.43647519505365,7.5,7.5
-1.2856596731349959,190.49784614584823,7.5,7.5
-1.2849237504083233,188.55921709684455,7.5,7.5
-1.284190180744499,186.62058804695386,7.5,7.5
-1.2834581953496758,184.6819589964633,7.5,7.5
-1.2827280177240625,182.74332994529087,7.5,7.5
-1.2819996054926508,180.80470089345502,7.5,7.5
-1.2812729875190094,178.8660718409458,7.5,7.5
-1.2805481735790505,176.92744278776064,7.5,7.5
-1.2798251785630321,174.98881373389617,7.5,7.5
-1.279104015990869,173.05018467934931,7.5,7.5
-1.2783846997496442,171.1115556241165,7.5,7.5
-1.2776672436280603,169.1729265681949,7.5,7.5
-1.2769516614411727,167.2342975115802,7.5,7.5
-1.2762379669969774,165.2956684542699,7.5,7.5
-1.275526174105358,163.3570393962607,7.5,7.5
-1.2748162965756884,161.41841033754903,7.5,7.5
-1.2741083482174722,159.47978127813138,7.5,7.5
-1.2734023428401735,157.54115221800552,7.5,7.5
-1.2726982942532696,155.60252315716812,7.5,7.5
-1.2719962162662275,153.66389409561637,7.5,7.5
-1.2712961226885038,151.72526503334635,7.5,7.5
-1.2705980273295627,149.78663597035612,7.5,7.5
-1.269901943998858,147.84800690664224,7.5,7.5
-1.2692078865058358,145.90937784220174,7.5,7.5
-1.2685158686599416,143.97074877703236,7.5,7.5
-1.2678259042706412,142.03211971113143,7.5,7.5
-1.2671380071472609,140.09349064449555,7.5,7.5
-1.2664521910996447,138.15486157712223,7.5,7.5
-1.2657684699356653,136.21623250900873,7.5,7.5
-1.2650868574705338,134.27760344015292,7.5,7.5
-1.2644073674920493,132.33897437055177,7.5,7.5
-1.2637300138902903,130.4003453002033,7.5,7.5
-1.2630548101735866,128.46171622910438,7.5,7.5
-1.2623817712750023,126.52308715725334,7.5,7.5
-1.2617109068100405,124.5844580846485,7.5,7.5
-1.2610422462409754,122.6458290112825,7.5,7.5
-1.2603757449557103,120.70719993717164,7.5,7.5
-1.259711634810758,118.76857086224372,7.5,7.5
-1.2590491157955122,116.82994178676067,7.5,7.5
-1.2583912391495025,114.89131270973228,7.5,7.5
-1.2577266820436055,112.95268363484601,7.5,7.5
-1.2570992158796033,111.01405454785807,7.5,7.5
-1.2564478324973192,109.07542546862676,7.5,7.5
-1.2557967848055454,107.1367963892612,7.5,7.5
-1.2551485763712595,105.19816730894955,7.5,7.5
-1.2545025550336488,103.2595382279064,7.5,7.5
-1.2538589127702553,101.32090914607272,7.5,7.5
-1.253217615724862,99.38228006346131,7.5,7.5
-1.2525786904586886,97.44365098006709,7.5,7.5
-1.251942147369486,95.50502189588892,7.5,7.5
-1.251308001179185,93.56639281092544,7.5,7.5
-1.250676265452871,91.62776372517452,7.5,7.5
-1.2500469540650956,89.68913463863608,7.5,7.5
-1.2494200808076135,87.7505055513065,7.5,7.5
-1.248795659494312,85.81187646318617,7.5,7.5
-1.2481737039331464,83.8732473742732,7.5,7.5
-1.2475542279336462,81.93461828456668,7.5,7.5
-1.2469372453049075,79.99598919406444,7.5,7.5
-1.246322769856125,78.05736010276625,7.5,7.5
-1.245710815396448,76.11873101067077,7.5,7.5
-1.2451013957350359,74.18010191777675,7.5,7.5
-1.2444945246810168,72.2414728240831,7.5,7.5
-1.243890216043522,70.30284372958897,7.5,7.5
-1.2432884836316598,68.36421463429376,7.5,7.5
-1.2426893412545355,66.42558553819612,7.5,7.5
-1.2420928027212341,64.48695644129513,7.5,7.5
-1.2414988818408341,62.54832734359123,7.5,7.5
-1.240907592422396,60.60969824508298,7.5,7.5
-1.2403189482749675,58.67106914576907,7.5,7.5
-1.2397329632075909,56.73244004564935,7.5,7.5
-1.2391496510292692,54.79381094472384,7.5,7.5
-1.2385690255490882,52.85518184299205,7.5,7.5
-1.237991100575754,50.91655274045306,7.5,7.5
-1.2374158899193117,48.97792363710633,7.5,7.5
-1.2368434073847707,47.03929453295274,7.5,7.5
-1.2362736667958343,45.10066542799139,7.5,7.5
-1.235706681906466,43.16203632222229,7.5,7.5
-1.2351424667304534,41.223407215644755,7.5,7.5
-1.2345810343132684,39.28477810825949,7.5,7.5
-1.2340224013086882,37.34614900006575,7.5,7.5
-1.2334665709244441,35.407519891065775,7.5,7.5
-1.2329135964732418,33.46889078124948,7.5,7.5
-1.2323633445581965,31.53026167065711,7.5,7.5
-1.2318163775289606,29.591632559141296,7.5,7.5
-1.2312706651415222,27.653003447250768,7.5,7.5
-1.2307586176624918,25.71437432630776,7.5,7.5
-1.2302124959076814,23.775745214460674,7.5,7.5
-1.229678636563083,21.837116099302182,7.5,7.5
-1.2291451896601802,19.898486984010646,7.5,7.5
-1.2286153477556392,17.95985786773455,7.5,7.5
-1.2280882729531737,16.021228750703525,7.5,7.5
-1.2275642072649722,14.08259963285703,7.5,7.5
-1.2270431033554965,12.143970514211862,7.5,7.5
-1.2265249914162204,10.205341394764453,7.5,7.5
-1.2260098808662165,8.266712274517724,7.5,7.5
-1.225497786690233,6.328083153471639,7.5,7.5
-1.2249887223817444,4.389454031627755,7.5,7.5
-1.2244827018337716,2.45082490898666,7.5,7.5
-1.2239797388322569,0.5121957855502075,7.5,7.5
-1.2234798471918091,-1.4264333386801815,7.5,7.5
-1.2229830407193283,-3.36506246370392,7.5,7.5
-1.2224893332237605,-5.30369158952023,7.5,7.5
-1.221998738513475,-7.242320716125835,7.5,7.5
-1.2215112703969704,-9.180949843520182,7.5,7.5
-1.2210269426826934,-11.119578971701591,7.5,7.5
-1.2205457691790664,-13.05820810066898,7.5,7.5
-1.2200677636944957,-14.996837230419759,7.5,7.5
-1.2195929400373748,-16.93546636095227,7.5,7.5
-1.219121312016065,-18.874095492264793,7.5,7.5
-1.2186528934389114,-20.812724624355997,7.5,7.5
-1.218187698114235,-22.751353757223033,7.5,7.5
-1.2177257398503594,-24.689982890864172,7.5,7.5
-1.217267032455477,-26.628612025277302,7.5,7.5
-1.216811589738184,-28.567241160459748,7.5,7.5
-1.2163594255054464,-30.50587029641025,7.5,7.5
-1.215910553570221,-32.44449943312576,7.5,7.5
-1.215464987723014,-34.3831285706039,7.5,7.5
-1.2150227418379884,-36.321757708842036,7.5,7.5
-1.2145838294769993,-38.260386847838106,7.5,7.5
-1.214148265367409,-40.19901598758906,7.5,7.5
-1.2137160598864252,-42.137645128091606,7.5,7.5
-1.2132872396472303,-44.076274269345696,7.5,7.5
-1.21286177066554,-46.014903411339645,7.5,7.5
-1.2124398451240945,-47.95353255410502,7.5,7.5
-1.2120208110853936,-49.89216169750574,7.5,7.5
-1.2116071671100959,-51.830790842036805,7.5,7.5
-1.2111896531993331,-53.769419985837786,7.5,7.5
-1.2108041622446266,-55.70804913609263,7.5,7.5
-1.2103998034623142,-57.646678282598344,7.5,7.5
-1.2099981540652354,-59.58530742967349,7.5,7.5
-1.2096002089240716,-61.52393657751163,7.5,7.5
-1.209205719767115,-63.4625657260562,7.5,7.5
-1.208814770416763,-65.40119487531763,7.5,7.5
-1.208427355976468,-67.33982402528862,7.5,7.5
-1.2080434952508066,-69.27845317596699,7.5,7.5
-1.207663200712625,-71.21708232734808,7.5,7.5
-1.2072864865262376,-73.1557114794279,7.5,7.5
-1.2069133664040526,-75.09434063220279,7.5,7.5
-1.2065438541791709,-77.03296978566921,7.5,7.5
-1.2061779636524206,-78.97159893982182,7.5,7.5
-1.205815708633213,-80.91022809465782,7.5,7.5
-1.2054571029286312,-82.84885725017153,7.5,7.5
-1.2051021603463488,-84.78748640636024,7.5,7.5
-1.2047508946938472,-86.72611556321846,7.5,7.5
-1.2044033197786184,-88.66474472074135,7.5,7.5
-1.2040594494081227,-90.60337387892531,7.5,7.5
-1.2037192973897888,-92.5420030377659,7.5,7.5
-1.2033828775310214,-94.48063219725668,7.5,7.5
-1.2030502036391943,-96.4192613573947,7.5,7.5
-1.202721289521648,-98.35789051817358,7.5,7.5
-1.2023961489857058,-100.29651967958972,7.5,7.5
-1.2020747958386482,-102.2351488416369,7.5,7.5
-1.201757243887735,-104.17377800431014,7.5,7.5
-1.2014435069401932,-106.1124071676045,7.5,7.5
-1.201133598803224,-108.05103633151556,7.5,7.5
-1.2008275332839953,-109.98966549603658,7.5,7.5
-1.20052532418964,-111.92829466116248,7.5,7.5
-1.2002269853272833,-113.86692382688801,7.5,7.5
-1.199932530503936,-115.80555299320773,7.5,7.5
-1.199641973526901,-117.74418216011497,7.5,7.5
-1.1993553282022285,-119.6828113276052,7.5,7.5
-1.1990726083405019,-121.6214404956711,7.5,7.5
-1.198793827735294,-123.560069664308,7.5,7.5
-1.1985190002433055,-125.49869883350901,7.5,7.5
-1.1982481394861992,-127.43732800326822,7.5,7.5
-1.1979812599600779,-129.37595717358002,7.5,7.5
-1.1977183729070062,-131.31458634443757,7.5,7.5
-1.1974595016776242,-133.25321551583508,7.5,7.5
-1.1972046245646606,-135.19184468776186,7.5,7.5
-1.1969538875276253,-137.13047386022765,7.5,7.5
-1.1967068126141147,-139.06910303316678,7.5,7.5
-1.1964782750316885,-141.00773220835322,7.5,7.5
-1.1962358015505414,-142.9463613818864,7.5,7.5
-1.1960019904704888,-144.8849905564671,7.5,7.5
-1.1957710570121207,-146.82361973139396,7.5,7.5
-1.1955445686388457,-148.76224890684531,7.5,7.5
-1.1953221228746351,-150.70087808276463,7.5,7.5
-1.1951038450635476,-152.63950725915765,7.5,7.5
-1.1948897191269308,-154.57813643601412,7.5,7.5
-1.1946797668785063,-156.5167656133268,7.5,7.5
-1.1944739999791634,-158.4553947910882,7.5,7.5
-1.1942724328100816,-160.39402396929037,7.5,7.5
-1.194075079023522,-162.33265314792672,7.5,7.5
-1.1938819524670026,-164.2712823269887,7.5,7.5
-1.1936930669356847,-166.2099115064682,7.5,7.5
-1.1935084362387116,-168.14854068635776,7.5,7.5
-1.193328074181436,-170.08716986664933,7.5,7.5
-1.1931519945701765,-172.02579904733489,7.5,7.5
-1.1929802112109489,-173.96442822840532,7.5,7.5
-1.1928127379098061,-175.90305740985306,7.5,7.5
-1.1926495884727402,-177.8416865916696,7.5,7.5
-1.192490776705716,-179.78031577384638,7.5,7.5
-1.1923363164146583,-181.71894495637437,7.5,7.5
-1.1921862214054573,-183.6575741392454,7.5,7.5
-1.192040505483962,-185.59620332245038,7.5,7.5
-1.1918991824559835,-187.53483250598111,7.5,7.5
-1.1917622661272973,-189.47346168982756,7.5,7.5
-1.1916297703036407,-191.4120908739814,7.5,7.5
-1.1915017087907105,-193.35072005843284,7.5,7.5
-1.1913780953941673,-195.28934924317355,7.5,7.5
-1.1912589439196395,-197.22797842819355,7.5,7.5
-1.1911442681726876,-199.1666076134831,7.5,7.5
-1.1910340819589205,-201.1052367990333,7.5,7.5
-1.190928399083611,-203.04386598483438,7.5,7.5
-1.190827233353086,-204.9824951708761,7.5,7.5
-1.1907305985695482,-206.9211243571493,7.5,7.5
-1.1906385085504165,-208.85975354364345,7.5,7.5
-1.190550977056123,-210.79838273034883,7.5,7.5
-1.190468018059598,-212.73701191725507,7.5,7.5
-1.190389644740488,-214.67564110435262,7.5,7.5
-1.190315873238966,-216.61427029163013,7.5,7.5
-1.190246708645684,-218.55289947907823,7.5,7.5
-1.1901821972902742,-220.49152866668626,7.5,7.5
-1.1901222315895397,-222.43015785444015,7.5,7.5
-1.1900672722229342,-224.36878704234226,7.5,7.5
-1.1900163867192817,-226.30741623035607,7.5,7.5
-1.189970181438984,-228.24604541848683,7.5,7.5
-1.1899286709382046,-230.18467460672403,7.5,7.5
-1.1898918688310216,-232.12330379505562,7.5,7.5
-1.1898597889706266,-234.06193298347216,7.5,7.5
-1.1898324451496127,-236.00056217196055,7.5,7.5
-1.189809851175823,-237.9391913605107,7.5,7.5
-1.1897920208532082,-239.8778205491098,7.5,7.5
-1.189778967986642,-241.81644973774792,7.5,7.5
-1.1897707063807093,-243.75507892641184,7.5,7.5
-1.1897672498400165,-245.69370811508995,7.5,7.5
-1.1897686121691073,-247.63233730377112,7.5,7.5
-1.1897748071724938,-249.57096649244272,7.5,7.5
-1.1897858486546293,-251.5095956810929,7.5,7.5
-1.189801750419932,-253.44822486970943,7.5,7.5
-1.1898225262727773,-255.38685405827897,7.5,7.5
-1.1898481900174895,-257.32548324679124,7.5,7.5
-1.1898787554583574,-259.26411243523125,7.5,7.5
-1.1899142363996005,-261.2027416235884,7.5,7.5
-1.1899546466454547,-263.14137081184845,7.5,7.5
-1.1900000000000026,-265.0800000000002,7.5,7.5
