-0.916935412854953,-265.0817421,59.9999801
-0.9435777954435993,-267.0808224,59.999986
-0.96285813079745,-269.0800226,59.999988
-0.974022003525612,-271.0793971,59.9999862
-0.9764326953667126,-273.0786244,59.9999827
-0.9695481002929283,-275.0779221,59.9999795
-0.9528932103284173,-277.0772673,59.9999769
-0.9260592134753782,-279.0762997,59.9999803
-0.8886894100465748,-281.0752628,59.9999844
-0.840476196600831,-283.0741056,59.9999891
-0.7811668647727275,-285.0724298,59.9999923
-0.7105340189853133,-287.0704971,59.9999958
-0.6283955587246872,-289.0682353,59.9999997
-0.5346196783784092,-291.0652419,59.9991776
-0.42907148474604817,-293.0617773,59.9961012
-0.31169667944695956,-295.0577417,59.9906468
-0.18252655966428666,-297.0527299,59.9818441
-0.04155523540152517,-299.047048,59.9718826
0.11129729075792927,-301.0406714,59.9607194
0.2761447265118395,-303.03307,59.9483091
0.4530611614317941,-305.0246138,59.9312144
0.6420329964099114,-307.015021,59.9087876
0.8430583283354518,-309.0042286,59.8719505
1.056136853503968,-310.992207,59.8273793
1.281252171664319,-312.9787453,59.7742019
1.51844517458042,-314.9640722,59.7081535
1.767696365441099,-316.9478082,59.6369734
2.029021442798736,-318.9298327,59.560206
2.3025172955068114,-320.9105481,59.4777704
2.588154131703783,-322.8893345,59.3938192
2.8859755483112894,-324.8661691,59.3083846
3.19612453396222,-326.8414782,59.2228298
3.5187448009189146,-328.8145399,59.1377932
3.8539920458675976,-330.785385,59.053465
4.201880757231164,-332.75436,58.9706019
4.562215540949211,-334.7208825,58.8883531
4.9349724914692406,-336.6850084,58.8067746
5.320252900539375,-338.6469731,58.7254766
5.718001674018369,-340.6062812,58.6438942
6.128254807890958,-342.5629429,58.5619019
6.551086994820995,-344.5171342,58.4783651
6.986442439133524,-346.4684407,58.3936837
7.4343466373666995,-348.4168428,58.3076546
7.894864782754552,-350.3624837,58.2190157
8.367941878773593,-352.3049974,58.1289291
8.853596722460658,-354.2443403,58.037226
9.351895207234902,-356.180645,57.9429645
9.862781336313587,-358.1135651,57.8475071
10.386270007191365,-360.0430366,57.7507672
10.922435813017831,-361.9692038,57.6522901
11.471216957290455,-363.8917135,57.5531448
12.032624337928723,-365.8104832,57.4533126
12.606749147302262,-367.7256919,57.3527586
13.193515589694586,-369.6369554,57.2520379
13.792929263469873,-371.544172,57.1511594
14.405106559613435,-373.4475812,57.0503246
15.029947683733367,-375.3467436,56.9496242
15.667449734702547,-377.2415357,56.8490644
16.31776570144647,-379.1322853,56.7488986
16.980760391438306,-381.0184752,56.648951
17.65642290391373,-382.8999674,56.5492217
18.344941025929018,-384.7771655,56.4498847
19.04614976634411,-386.6494992,56.3507211
19.76001272505819,-388.5168031,56.2517233
20.486739787210414,-390.3795557,56.1529648
21.22612776362414,-392.2371124,56.054305
21.978184152870952,-394.0893683,55.955735
22.743108942541276,-395.9366851,55.8572943
23.52073264067381,-397.7785487,55.758923
24.31105884527117,-399.6148776,55.6606141
25.11419814855845,-401.4458301,55.5624197
25.930048654453646,-403.2710747,55.4643171
26.75861726084144,-405.0905339,55.366297
27.59994416385494,-406.9042008,55.2684416
28.453980764357347,-408.7118751,55.1707314
29.320747659539624,-410.5135064,55.0731435
30.20022064891011,-412.3089509,54.9757753
31.092385631433174,-414.0980875,54.8785958
31.997289703056094,-415.8809131,54.7815623
32.91486026609959,-417.6571733,54.6847617
33.84511551876439,-419.426774,54.5881584
34.78813805479034,-421.1897955,54.4916956
35.7437727790646,-422.9458944,54.3954384
36.712032388817185,-424.6950194,54.2993655
37.69298347891098,-426.4372045,54.2034274
38.686513552825524,-428.172162,54.1076963
39.692619508713065,-429.8998047,54.0122307
40.71135744198595,-431.6201436,53.9169857
41.742636254917095,-433.3329402,53.8221085
42.78644064617736,-435.0380884,53.727816
43.842804312195696,-436.7355608,53.6340065
44.91165755410945,-438.4251633,53.5409686
45.99298447055441,-440.1067912,53.4491504
47.086785659462784,-441.7803633,53.3582579
48.193007520886816,-443.4457281,53.2687319
49.3116401523976,-445.1028238,53.1812414
50.44260935439027,-446.7514942,53.0951402
51.585881026258214,-448.391611,53.0109284
52.741518564129294,-450.0231427,52.929322
53.90939827123564,-451.6458347,52.8492814
55.089514245253035,-453.2596195,52.7711959
56.28191098165242,-454.8644988,52.6955172
57.48641668491919,-456.460191,52.6210424
58.70301165286791,-458.0466302,52.5479292
59.931761979589616,-459.6238655,52.4761866
61.172450370849674,-461.1915901,52.4049789
62.42503922470857,-462.7497393,52.3343134
63.68961953384205,-464.2984092,52.2642984
64.96593340522908,-465.8372719,52.1948784
66.25392803733992,-467.3662574,52.1261499
67.55372672154945,-468.8854988,52.0601205
68.86504566589102,-470.3946481,51.9968584
70.18782366940835,-471.8936196,51.9365687
71.52222012241441,-473.3825683,51.8855027
72.8679356337034,-474.8611331,51.8412387
74.22490690247865,-476.329226,51.803891
75.59327891951725,-477.7869879,51.7821357
76.9727578926521,-479.2341068,51.768563
78.36325012118502,-480.6705152,51.7624813
79.76482529741976,-482.0963391,51.7643058
81.17719962697971,-483.5113709,51.7687435
82.60023620936072,-484.9155751,51.7755254
84.03392923883592,-486.3090531,51.7862918
85.47803701890653,-487.6916778,51.7992458
86.93242244915642,-489.0634233,51.8138623
88.39703652633716,-490.4243245,51.8303402
89.87170455330207,-491.7742464,51.8471174
91.35640162787304,-493.1131613,51.8638544
92.85102255078004,-494.4409774,51.8796454
94.35544682232914,-495.7576375,51.8937969
95.86969153891687,-497.0631451,51.9065735
97.39357440550528,-498.3572887,51.9169461
98.92705302184565,-499.6399728,51.92496
100.47019878342938,-500.9111916,51.9313676
102.02282829538113,-502.1707292,51.9355523
103.58485925883899,-503.4184618,51.9378814
105.1563894679439,-504.6544162,51.9391674
106.73722552764323,-505.8783964,51.939244
108.32722724062307,-507.0902635,51.9386044
109.92650919975492,-508.290083,51.9377617
111.53487190952372,-509.477691,51.9368621
113.15211647414338,-510.6529409,51.9365305
114.77836748552082,-511.8159314,51.9367825
116.41342534752482,-512.9665348,51.9379137
118.05704166566893,-514.1046037,51.9406539
119.70934393130287,-515.2302604,51.9444662
121.37013834767298,-516.3434099,51.9496311
123.03914422118363,-517.4439094,51.9567634
124.71648594315542,-518.531888,51.9649363
126.40198311629965,-519.6072719,51.9742948
128.0953469474121,-520.6699218,51.9850281
129.79669492837374,-521.7199499,51.9962605
131.50586636155128,-522.7572859,52.0079921
133.22259175352121,-523.7817902,52.0198937
134.94697279733037,-524.7935377,52.0316122
136.67886729523218,-525.7924485,52.0430885
138.4180454528495,-526.7783898,52.0537056
140.16458066467447,-527.7513992,52.063745
141.91831233342904,-528.711403,52.0731674
143.67909686110855,-529.6583456,52.0814213
145.44689354729357,-530.5921578,52.0891361
147.22157339480862,-531.5127238,52.0963096
149.00313810116927,-532.4200205,52.1027339
150.79141906992675,-533.3139502,52.108978
152.58629650271044,-534.1944489,52.1150508
154.38779159587293,-535.0615259,52.1212425
156.19568785440404,-535.9150828,52.1277583
158.0098632797073,-536.7550757,52.1346068
159.83035046738573,-537.581538,52.1425316
161.65690922296898,-538.3943869,52.1513185
163.48941154775412,-539.1936003,52.1609372
165.32788253729086,-539.9792295,52.1724484
167.17207919690244,-540.751219,52.1853014
169.0218695277378,-541.5095705,52.1993889
170.87725252601976,-542.2543467,52.2159414
172.7380010962344,-542.9855268,52.2342212
174.60398533921594,-543.7031384,52.254023
176.4751603525908,-544.4072491,52.2766588
178.35132893956253,-545.0978762,52.3013539
180.23237420031904,-545.7750758,52.3277922
182.1181916345672,-546.4389146,52.3573334
184.0086209440482,-547.0894472,52.3892324
185.90357572777353,-547.7267592,52.4230354
187.80287808817283,-548.35091,52.460042
189.70640592566488,-548.9619812,52.4994793
191.61412743739774,-549.5600832,52.5407431
193.52578342912074,-550.1452528,52.584788
195.441287600359,-550.7175756,52.6307442
197.36068844589758,-551.2771624,52.6779763
199.28365557545064,-551.8239685,52.7268343
201.2101181902075,-552.3579562,52.776508
203.14032427772153,-552.8792816,52.8266045
205.073740554236,-553.3879305,52.876999
207.0103230187497,-553.883961,52.9272499
208.95038245742697,-554.3674859,52.9773518
210.89335108968888,-554.8383842,53.0271366
212.83919921481302,-555.2966706,53.0765931
214.7882916172625,-555.7424419,53.1258077
216.74003691766464,-556.1755698,53.174627
218.6944051155451,-556.5960555,53.2230506
220.65176989510542,-557.0039823,53.27121
222.61153957712042,-557.3992317,53.3189747
224.57369626062564,-557.7818111,53.3663726
226.53858063096905,-558.1517943,53.4135257
228.50562160820044,-558.5090828,53.4603067
230.47482879029528,-558.8536913,53.5067352
232.44647506513522,-559.1856764,53.5529263
234.42003535112508,-559.5049595,53.5987483
236.395551744999,-559.8115608,53.644232
238.37320193825548,-560.1055177,53.6894861
240.35253624650613,-560.3867746,53.7343776
242.33361886563435,-560.6553542,53.7789503
244.31651519144833,-560.9112765,53.8233026
246.3008860353979,-561.1545096,53.8672986
248.28679119353302,-561.3850744,53.9109959
250.27417766626579,-561.6029763,53.9544814
252.2628557593363,-561.8082064,53.9976151
254.25284327043167,-562.0007792,54.0404695
256.2439651047851,-562.1806877,54.0831206
258.23622456072536,-562.3479389,54.1254288
260.2295837382801,-562.5025257,54.1676367
262.22372144930756,-562.6443514,54.2098102
264.21892808117036,-562.7734096,54.2521058
266.2148832426493,-562.8899029,54.2946919
268.2111631467807,-562.9940419,54.3375492
270.2084409635782,-563.0860869,54.3811205
272.20614711176006,-563.1662842,54.4254377
274.20396059973046,-563.2349881,54.4703949
276.2025341966125,-563.2926857,54.5167424
278.2012764200853,-563.3399539,54.5642112
280.1999221742182,-563.3775268,54.6125962
282.1991143262425,-563.4062885,54.6626348
284.1982907910044,-563.4272439,54.7136521
286.19726096866265,-563.4415006,54.7654122
288.1966207282805,-563.4502118,54.8181309
290.1959063826597,-563.4544955,54.8711588
292.19491223523903,-563.4554741,54.9243833
294.19415076156804,-563.4542288,54.9776396
296.1931625786199,-563.4516811,55.0307281
298.1925018660573,-563.4482948,55.083663
300.1916461496868,-563.4442586,55.1362424
302.19085562301615,-563.4398463,55.1885401
304.1902148874259,-563.4352546,55.2406135
306.18937186302503,-563.4305931,55.2922971
308.188573645752,-563.4259094,55.3436962
310.1879213378192,-563.4212096,55.3948727
312.18709285917987,-563.4164731,55.4456713
314.1863004077534,-563.4116625,55.4961932
316.18562648681853,-563.4067371,55.5464997
318.1848128138683,-563.4016574,55.5964396
320.1840212888596,-563.3963875,55.6461115
322.18332941521925,-563.3908964,55.6955747
324.18254130791445,-563.3851357,55.7446803
326.1818320665314,-563.3790079,55.7935278
328.1810545037366,-563.3725232,55.8421742
330.18030032195463,-563.365758,55.8904772
332.17952842940787,-563.3587524,55.9385297
334.1787188335482,-563.3515282,55.9863857
336.1779592373313,-563.3440997,56.0339025
338.17718795005305,-563.336485,56.0811745
340.17637857955543,-563.3287027,56.1282538
342.1756146290508,-563.3207715,56.1750001
344.1748401076994,-563.3127109,56.221507
346.1740327232678,-563.3045405,56.2678249
348.17326497952257,-563.296279,56.3138162
350.1724879854199,-563.2879457,56.359573
352.17168304866215,-563.2795598,56.4051443
354.17091237353253,-563.2711397,56.4503953
356.1701337687846,-563.2627046,56.4954165
358.16933194205103,-563.2542733,56.5402557
360.16855909810835,-563.2458646,56.5847808
362.16777974549245,-563.2374978,56.6290805
364.1669816917658,-563.229192,56.6732016
366.1662074421758,-563.2209663,56.7170149
368.1654281050318,-563.2128406,56.7606067
370.164634387822,-563.2048344,56.8040233
372.1638597962252,-563.1969676,56.8471382
374.1630811383501,-563.1892609,56.8900355
376.1622924215843,-563.1817352,56.9327608
378.1615180520333,-563.1744123,56.9751903
380.16074073759063,-563.1673154,57.0174056
382.1599576855448,-563.1604693,57.059452
384.15918450241736,-563.1539008,57.101208
386.15840879593776,-563.1476401,57.1427528
388.1576305733412,-563.1417249,57.1841313
390.1568563416224,-563.1361989,57.2252239
392.1560815082677,-563.1311064,57.2661068
394.1553156801972,-563.1264962,57.3068247
396.1545453653571,-563.122425,57.3472588
398.15377807089146,-563.1189643,57.3874825
400.1530142043286,-563.1161969,57.4275405
402.15224837353475,-563.114217,57.4673118
404.1514844860985,-563.113132,57.506867
406.1507216499311,-563.1130617,57.5462519
408.14995767311837,-563.1141361,57.5853404
410.14919356373593,-563.1164945,57.6242037
412.14842633012614,-563.1202799,57.6628909
414.1476566805476,-563.1256338,57.7012746
416.1468822234062,-563.1326882,57.7394366
418.1460984671227,-563.1415532,57.7774293
420.1453082196562,-563.1523072,57.815148
422.1445074889209,-563.1649771,57.8526912
424.1436902823934,-563.1795181,57.8901066
426.14286460627835,-563.1957988,57.9273406
428.1420280661744,-563.2135669,57.9644647
430.14117346650966,-563.2324209,58.0014958
432.14032380886647,-563.2517961,58.0383362
434.13947919363574,-563.2709198,58.0748546
436.13862861925617,-563.2888023,58.11103
438.13781647949287,-563.3042564,58.1462394
440.13702646798106,-563.3159028,58.1800587
442.1362400765033,-563.3222659,58.2126333
444.1354822937989,-563.3218541,58.2424149
446.1346845119675,-563.313265,58.2695114
448.1338395212747,-563.295282,58.2944984
450.13286181596925,-563.2668839,58.315753
452.1316815909402,-563.2272656,58.3296711
454.1302776406851,-563.1758409,58.3371302
456.12846006768297,-563.1122098,58.330503
458.1261377716721,-563.0361173,58.3163485
460.1234933422956,-562.9473741,58.2970414
462.12004939534626,-562.845865,58.271299
464.11587022567693,-562.7314875,58.2407574
466.11119572371007,-562.6043481,58.2060929
468.10526162134863,-562.4648334,58.1625684
470.09837811028433,-562.3133822,58.1115628
472.0915598469161,-562.1496145,58.0548907
474.0827891007163,-561.9730598,57.988451
476.07326642210734,-561.7834777,57.9155874
478.0624411300275,-561.580861,57.8379362
480.05015202835403,-561.3651757,57.7527564
482.03661800626946,-561.1363386,57.6636181
484.02079459899534,-560.8942331,57.5714553
486.004123146446,-560.6384379,57.4751286
487.9854477930512,-560.3692711,57.3771519
489.96389577211295,-560.087023,57.2778963
491.94184539201507,-559.7914051,57.1773949
493.9173042264572,-559.4826812,57.0767366
495.8896239982706,-559.1609811,56.976003
497.8611623142313,-558.8257596,56.8756596
499.829463154764,-558.4766551,56.7757942
501.79481680201224,-558.113308,56.6763554
503.7580800250315,-557.735832,56.5777552
505.7185158581674,-557.3449883,56.4796874
507.67659258500646,-556.9409037,56.3820263
509.63162142797904,-556.5236114,56.2849033
511.5837715780388,-556.0930275,56.1880288
513.5335231195538,-555.6493276,56.0913089
515.4799721896537,-555.1930543,55.9946996
517.4235510690626,-554.7240101,55.898029
519.3638281663115,-554.2419137,55.8012911
521.3006957776391,-553.746414,55.7043837
523.2340922025835,-553.2374846,55.6073136
525.1638975429644,-552.7151241,55.5101279
527.0900134994506,-552.1793063,55.4127704
529.0123547724008,-551.630015,55.3153128
530.9307426655652,-551.0672599,55.217805
532.8451521769321,-550.4910047,55.1202656
534.75548110733,-549.9012364,55.0227784
536.6615050620502,-549.2979812,54.9253534
538.5632381375354,-548.6811911,54.8280657
540.4605828343141,-548.0508524,54.7309805
542.3532725590993,-547.4070099,54.6340518
544.2413415074826,-546.749608,54.5373766
546.1247125791249,-546.0786274,54.4409972
548.0030785820991,-545.3941332,54.3448209
549.876479311686,-544.6960669,54.2489372
551.7448695662639,-543.9843988,54.1533765
553.6079052551275,-543.259215,54.0580219
555.4656189737232,-542.5204593,53.9629439
557.3180045188873,-541.7680872,53.8681825
559.1646875009046,-541.0022057,53.7736205
561.0056822157828,-540.2227654,53.6793172
562.8410239587287,-539.4297041,53.5853684
564.6703156407402,-538.6231482,53.491663
566.4935481585617,-537.8030578,53.3982719
568.3107924059725,-536.9693528,53.3054412
570.1216395943122,-536.1221769,53.2130272
571.9260471209953,-535.2614829,53.1211293
573.7240405803445,-534.3871596,53.030303
575.5152803808274,-533.4993185,52.9402609
577.2997834185376,-532.597935,52.8511138
579.0774333947174,-531.6830652,52.7639274
580.8480829109775,-530.7547442,52.6780533
582.6116412666601,-529.8129706,52.5935451
584.3679321642879,-528.8577943,52.5120992
586.116884702489,-527.8892096,52.4324883
587.858404780748,-526.9072255,52.3547255
589.5922594036612,-525.9119342,52.2807443
591.3184319679465,-524.9033105,52.2089567
593.0368302731466,-523.8813759,52.1392556
594.7472030247404,-522.846255,52.0732964
596.4495542189454,-521.7979276,52.009486
598.1438059551144,-520.736429,51.9476293
599.8297130388816,-519.6619084,51.8894447
601.5072811667785,-518.5743653,51.834965
603.1764498378667,-517.4738448,51.784061
604.8369936574143,-516.3605086,51.7414741
606.4889076226945,-515.2343807,51.7077523
608.1321499325419,-514.0955179,51.6816211
609.7665301915722,-512.944094,51.6696373
611.3920404980399,-511.7801753,51.6685297
613.0086701508297,-510.6038522,51.6740367
614.6162855538497,-509.4153244,51.6855099
616.2148867063479,-508.2147073,51.7000493
617.8044771073767,-507.002107,51.7164493
619.3849498598738,-505.7777007,51.7349186
620.9562731635058,-504.5415859,51.7538239
622.5184101174543,-503.2938315,51.7725411
624.0712422233962,-502.0345457,51.7902279
625.6147009806426,-500.7637757,51.8057323
627.1486860892842,-499.4815772,51.8195432
628.6730671497888,-498.1879993,51.8307116
630.1877313609476,-496.883034,51.8388428
631.692521223528,-495.5667289,51.8451091
633.187333936427,-494.2390975,51.8489592
634.6720594988889,-492.9001661,51.8504943
636.1465528116805,-491.5500046,51.8508676
637.6107177738891,-490.1886505,51.8499382
639.064466984495,-488.8161457,51.8481273
640.5076711443423,-487.4325856,51.8461228
641.9402500526387,-486.0380328,51.8440501
643.362140308204,-484.6325465,51.8426552
644.7732318119487,-483.216246,51.8419626
646.1734622631951,-481.7892165,51.8422033
647.5627908606901,-480.3515333,51.8444019
648.9411283053446,-478.903334,51.8478645
650.3084287965684,-477.4447207,51.8527739
651.6646669331585,-475.9757817,51.8601093
653.0097705158686,-474.4966604,51.8686487
654.3437015441242,-473.0074644,51.8784427
655.6664326168739,-471.5082866,51.8899128
656.9778970344689,-469.999257,51.9018903
658.2780490961745,-468.4804716,51.9143511
659.5668364012538,-466.9520228,51.9269016
660.8441878493425,-465.4140095,51.9391007
662.1100406394277,-463.8665086,51.9509309
663.3643067712048,-462.3096157,51.9615444
664.6069133434663,-460.7433977,51.9712891
665.8377853549035,-459.1679181,51.9802114
667.0568085056694,-457.5832863,51.9875744
668.2639129939238,-455.989551,51.9940567
669.4590267178413,-454.3867625,51.9997827
670.6420193781588,-452.7750572,52.0044042
671.812850372278,-451.1544723,52.0085367
672.9714474989423,-449.5250899,52.012313
674.1177067582955,-447.8870413,52.0157958
675.2515830481319,-446.2403843,52.0193702
676.3730128672394,-444.5852132,52.0230866
677.48192441494,-442.921644,52.0273034
678.5782742895468,-441.2497621,52.0321665
679.6620091899969,-439.5696772,52.0375795
680.7330851149914,-437.8814936,52.0440164
681.791464463115,-436.1853138,52.0514373
682.8371003335185,-434.4812626,52.0595939
683.8699685244342,-432.7694336,52.0688966
684.8900376344868,-431.0499355,52.0791978
685.8972613630463,-429.3229056,52.0901701
686.8916252080107,-427.588428,52.1020693
687.8731026678241,-425.8466072,52.1147436
688.8416425420666,-424.0975913,52.1278992
689.7972334284069,-422.3414573,52.1416759
690.7398536249615,-420.5782992,52.1560339
691.6694477315046,-418.8082762,52.1707708
692.5860065455938,-417.0314632,52.1860194
693.4895180649818,-415.247943,52.2019572
694.3799295896248,-413.4578871,52.2184099
695.2572393171193,-411.6613753,52.2355875
696.1214529449193,-409.858482,52.253985
696.9725312731648,-408.0493917,52.2732881
697.8104884996238,-406.2341942,52.2937935
698.6353552216545,-404.4129622,52.3164057
699.4471175395348,-402.5858896,52.3404611
700.2458140513196,-400.7530785,52.3662796
701.0315027545781,-398.9146089,52.3951941
701.8042040495976,-397.0706745,52.4260174
702.5639838347466,-395.2213861,52.4589866
703.3109194082205,-393.3668438,52.495668
704.0450652699898,-391.5072214,52.5343362
704.7665045185835,-389.6426269,52.5750667
705.4753089532687,-387.7731969,52.6191687
706.1715507730886,-385.8990548,52.664718
706.8553064763894,-384.0202897,52.7116896
707.5266055638184,-382.1370918,52.7605552
708.1855157328143,-380.2495057,52.8099673
708.832083781248,-378.3575936,52.8598785
709.466281110993,-376.4616019,52.9100579
710.0881590179073,-374.5615024,52.9600966
710.6977393990973,-372.6573235,53.0099953
711.2949496576714,-370.7493762,53.0595337
711.8798376883378,-368.8375807,53.1088089
712.4524211872576,-366.9219246,53.1578491
713.0125969587932,-365.0027891,53.2064394
713.5604059968502,-363.0800607,53.2547094
714.095871696362,-361.1536729,53.3027173
714.6188744629743,-359.2240808,53.350296
715.129458090328,-357.2911602,53.3975638
715.6276641718719,-355.3547746,53.4445874
716.1133640145912,-353.4154567,53.4912139
716.5865977121493,-351.4730863,53.5375242
717.0474239561497,-349.5274377,53.5835947
717.4957028549481,-347.5791264,53.6292798
717.9314700023331,-345.628042,53.6746447
718.3547718877182,-343.6738615,53.7197747
718.7653996200222,-341.7172736,53.7645338
719.1632950920188,-339.7581664,53.8089729
719.5486124907636,-337.7960666,53.8531827
719.9212843305127,-335.8318786,53.897031
720.2813735035542,-333.8654154,53.9405658
720.6289590982497,-331.8962867,53.9838792
720.9639079258859,-329.9253044,54.0268416
721.2862686782238,-327.9522623,54.0695016
721.5960969455525,-325.9768723,54.1119488
721.8932946367581,-323.9998347,54.1540537
722.1779093435091,-322.0209387,54.1958715
722.4499725588967,-320.0400469,54.2374854
722.7094263882656,-318.0576825,54.2787651
722.9563093238501,-316.0736672,54.3197758
723.1906342618126,-314.0880315,54.3605917
723.412365302519,-312.1010526,54.4010813
723.6214538382974,-310.1126187,54.4413194
723.8178489687288,-308.122992,54.4813706
724.0015866876003,-306.1320819,54.5211019
724.1727297939184,-304.1400427,54.5606398
724.3312995880333,-302.1471325,54.6000594
724.4773420601642,-300.1530649,54.63942
724.6108901115874,-298.1581375,54.6788872
724.7320098441239,-296.162654,54.7184714
724.8408438467643,-294.1661682,54.7584511
724.9375299252077,-292.1691142,54.7989034
725.0222770840763,-290.1718018,54.8397768
725.0953947137315,-288.1736574,54.8816538
725.1572341265829,-286.1752348,54.9244226
725.2082680322846,-284.1767969,54.9679534
725.2491027275744,-282.1777121,55.0130432
725.2804621354941,-280.1786267,55.0592494
725.3033485766946,-278.1796938,55.1063649
725.3188949645538,-276.1804158,55.1549922
725.3280591265467,-274.1811999,55.2043935
725.3318527823845,-272.1818615,55.2543733
725.3313432605005,-270.1825558,55.3049968
725.3275882875706,-268.1832494,55.3557463
725.3215301896009,-266.1839177,55.406558
725.3139714925459,-264.1846284,55.4572318
725.30554831794,-262.1853325,55.5076924
725.296744985375,-260.1860092,55.5579713
725.2879126135601,-258.1867238,55.6078825
725.2792752169797,-256.1874283,55.6575294
725.2709649088539,-254.1881043,55.7069633
725.2630431022436,-252.1888137,55.7560292
725.2555152073858,-250.1895134,55.8048414
725.2483550342911,-248.1901867,55.85345
725.241516593667,-246.1908908,55.9017062
725.2349442945914,-244.1915866,55.9497147
725.228582946595,-242.192259,55.9975245
725.2223809603286,-240.1929597,56.0449894
725.2162944454764,-238.1936535,56.0922101
725.2102885123863,-236.1943265,56.1392358
725.2043362725582,-234.1950252,56.1859238
725.1984194367836,-232.1957178,56.2323721
725.192526116461,-230.1963924,56.2786296
725.1866499239642,-228.1970894,56.3245571
725.1807883710582,-226.1977814,56.37025
725.1749420699899,-224.1984577,56.4157564
725.1691131337597,-222.199153,56.4609406
725.1633044748645,-220.199845,56.5058951
725.1575191061177,-218.2005224,56.5506673
725.1517571408582,-216.2012149,56.5951244
725.1460101916713,-214.2018963,56.6393566
725.1402802720988,-212.202582,56.6834107
725.1345769959017,-210.2032685,56.7271571
725.1289062769292,-208.2039563,56.7706836
725.1232699290593,-206.2046469,56.8140356
725.1176675661735,-204.2053334,56.8570864
725.1120988024153,-202.2060205,56.8999216
725.1065628520416,-200.2067107,56.9425861
725.1010588293786,-198.207397,56.9849557
725.0955856489895,-196.2080839,57.0271141
725.0901422255631,-194.2087737,57.0691053
725.0847275738752,-192.2094599,57.1108079
725.0793406089178,-190.2101466,57.1523035
725.0739804458168,-188.2108361,57.1936353
725.0686460997827,-186.2115221,57.2346847
725.0633366862304,-184.2122087,57.2755311
725.058051420698,-182.2128979,57.3162171
725.0527896188245,-180.2135838,57.3566266
725.0475505964251,-178.2142702,57.396837
725.0423336694301,-176.2149591,57.4368901
725.0371383538777,-174.2156449,57.4766727
725.0319639659492,-172.2163312,57.5162599
725.0268100219427,-170.2170198,57.5556931
725.0216760382568,-168.2177055,57.5948613
725.0165614314122,-166.2183918,57.6338379
725.0114658180366,-164.2190801,57.6726635
725.0063887148524,-162.2197658,57.7112296
725.0013295386768,-160.2204519,57.7496076
724.9962880064286,-158.22114,57.7878376
724.9912635351046,-156.2218256,57.8258135
724.98625584179,-154.2225116,57.8636048
724.9812644436322,-152.2231995,57.901251
724.9762888578634,-150.2238851,57.9386483
724.9713288017704,-148.2245711,57.9758644
724.9663838926915,-146.2252587,58.0129382
724.9614537480359,-144.2259443,58.0497681
724.9565378852241,-142.2266302,58.0864201
724.9516360217227,-140.2273176,58.1229325
724.9467478750546,-138.2280031,58.1592061
724.9418730627209,-136.228689,58.1953049
724.9370113022443,-134.2293762,58.2312668
724.9321621111702,-132.2300617,58.2669947
724.9273254070184,-130.2307475,58.3025508
724.922500807281,-128.2314346,58.3379728
724.9176879294623,-126.2321201,58.3731653
724.9128866910006,-124.2328058,58.4081892
724.9080966092697,-122.2334927,58.4430814
724.9033176016518,-120.2341782,58.4777488
724.8985492853925,-118.2348639,58.5122504
724.893791477676,-116.2355506,58.5466228
724.8890438956305,-114.2362361,58.5807749
724.8843063562349,-112.2369218,58.614764
724.8795785763524,-110.2376084,58.6486264
724.8748603727659,-108.2382939,58.6822728
724.8701515620626,-106.2389795,58.715759
724.8654518606721,-104.2396659,58.7491208
724.8607610849019,-102.2403514,58.7822708
724.8560790508216,-100.2410371,58.8152635
724.8514055743102,-98.2417234,58.8481339
724.8467404710677,-96.2424089,58.8807967
724.8420835565128,-94.2430945,58.9133048
724.8374346458238,-92.2437806,58.9456929
724.8327937539585,-90.2444662,58.9778775
724.8281612955706,-88.2451523,59.0099098
724.8235370850202,-86.245838,59.0418244
724.8189206362958,-84.2465238,59.0735394
724.8143114630657,-82.2472095,59.1051046
724.8097092786551,-80.2478949,59.1365542
724.8051138959959,-78.2485807,59.167808
724.8005254276793,-76.2492664,59.1989146
724.7959434858413,-74.2499518,59.2299076
724.791368082185,-72.2506375,59.2607086
724.786799027973,-70.2513232,59.2913647
724.7822362340021,-68.2520085,59.3219093
724.7776797105389,-66.2526942,59.3522655
724.7731293673669,-64.2533798,59.3824792
724.7685849137016,-62.2540652,59.4125833
724.7640465582107,-60.2547508,59.4425026
724.7595142089767,-58.2554364,59.4722816
724.7549876734697,-56.2561217,59.5019531
724.75046715852,-54.2568073,59.5314431
724.7459525703146,-52.2574929,59.5607951
724.7414438143619,-50.2581782,59.5900413
724.736941095449,-48.2588638,59.6191094
724.7324444176613,-46.2595493,59.6480418
724.7279537843193,-44.2602346,59.6768701
724.7234692979497,-42.2609201,59.7055235
724.7189909602955,-40.2616056,59.7340432
724.7145188722791,-38.2622909,59.7624606
724.7100531339414,-36.2629764,59.790706
724.705593844473,-34.2636619,59.8188195
724.701140902152,-32.2643471,59.8468323
724.6966945043084,-30.2650325,59.8746755
724.6922544473196,-28.265718,59.9023865
724.6878210266336,-26.2664032,59.9297019
724.6833939366044,-24.2670886,59.9552502
724.6789733706278,-22.267774,59.9752112
724.6745590210093,-20.2684592,59.9906606
724.6701507789555,-18.2691446,59.9975828
724.6657486346088,-16.26983,59.9999734
724.6613523769747,-14.2705151,59.9999954
724.6569617938538,-12.2712005,59.9999912
724.6525766719224,-10.2718859,59.9999897
724.6481966966501,-8.272571,59.9999897
724.6438216522436,-6.2732563,59.9999897
724.6394511216921,-4.2739416,59.9999897
724.6350848867266,-2.2746268,59.9999897
724.6307225277571,-0.2753121,59.9999897
724.6263637239108,1.7240026,59.9999897
724.6220079529796,3.7233175,59.9999897
724.6176550913956,5.7226322,59.9999897
724.6133046142365,7.7219469,59.9999897
724.6089561952108,9.7212618,59.9999897
724.6046095065855,11.7205765,59.9999897
724.6002643192585,13.7198912,59.9999897
724.5959204026977,15.7192061,59.9999897
724.5915773248701,17.7185208,59.9999897
724.5872351523606,19.7178355,59.9999897
724.582893550252,21.7171503,59.9999897
724.5785523821394,23.716465,59.9999897
724.5742117101713,25.7157798,59.9999897
724.5698714949722,27.7150946,59.9999897
724.5655316956637,29.7144093,59.9999897
724.5611923698823,31.713724,59.9999897
724.5568536737676,33.7130389,59.9999897
724.5525157619018,35.7123536,59.9999897
724.5481786873939,37.7116683,59.9999897
724.5438429018604,39.7109831,59.9999897
724.5395083553557,41.7102978,59.9999897
724.5351753964796,43.7096125,59.9999897
724.5308444723514,45.7089274,59.9999897
724.5265156285324,47.7082421,59.9999897
724.5221892091739,49.7075568,59.9999897
724.5178655569565,51.7068716,59.9999897
724.5135448130861,53.7061864,59.9999897
724.5092274173545,55.7055011,59.9999897
724.5049135081578,57.704816,59.9999897
724.5006032224454,59.7041307,59.9999897
724.4962968958678,61.7034455,59.9999897
724.4919944626891,63.7027604,59.9999897
724.487696155852,65.7020751,59.9999897
724.4834020070552,67.7013899,59.9999897
724.4791119467186,69.7007048,59.9999897
724.4748260040361,71.7000196,59.9999897
724.4705441070513,73.6993345,59.9999897
724.4662659826364,75.6986494,59.9999897
724.461991456573,77.6979642,59.9999897
724.4577202536102,79.6972791,59.9999897
724.4534520974687,81.696594,59.9999897
724.4491866109161,83.6959089,59.9999897
724.4449234158078,85.6952237,59.9999897
724.4406620331754,87.6945387,59.9999897
724.4364020832107,89.6938536,59.9999897
724.4321428853884,91.6931685,59.9999897
724.4278839585048,93.6924834,59.9999897
724.4236249207444,95.6917983,59.9999897
724.4193649897247,97.6911132,59.9999897
724.4151037826009,99.6904282,59.9999897
724.4108406160764,101.6897431,59.9999897
724.4065750065377,103.689058,59.9999897
724.4023064700874,105.6883729,59.9999897
724.3980345226257,107.6876878,59.9999897
724.3937586799259,109.6870027,59.9999897
724.3894785577133,111.6863176,59.9999897
724.3851937717337,113.6856324,59.9999897
724.3809041378668,115.6849473,59.9999897
724.3766091721495,117.6842622,59.9999897
724.3723089909121,119.6835771,59.9999897
724.3680032108164,121.6828919,59.9999897
724.3636920489964,123.6822068,59.9999897
724.3593753230696,125.6815216,59.9999897
724.3550532512893,127.6808364,59.9999897
724.3507260526001,129.6801513,59.9999897
724.3463938467036,131.6794661,59.9999897
724.342057054192,133.6787809,59.9999897
724.3377159966004,135.6780957,59.9999897
724.3333710965055,137.6774105,59.9999897
724.3290227776092,139.6767253,59.9999897
724.3246717648303,141.6760401,59.9999897
724.3203184843809,143.6753549,59.9999897
724.3159634638643,145.6746698,59.9999897
724.3116074323393,147.6739846,59.9999897
724.3072510204319,149.6732994,59.9999897
724.3028948603979,151.6726142,59.9999897
724.2985393862095,153.671929,59.9999897
724.2941854336445,155.6712439,59.9999897
724.2898333403434,157.6705588,59.9999897
724.285483845905,159.6698736,59.9999897
724.281137291967,161.6691885,59.9999897
724.2767941222612,163.6685035,59.9999897
724.2724545826854,165.6678184,59.9999897
724.268118921392,167.6671333,59.9999897
724.2637874888428,169.6664483,59.9999897
724.2594604378618,171.6657632,59.9999897
724.2551377237195,173.6650782,59.9999897
724.2508192041729,175.6643933,59.9999897
724.2465048395196,177.6637082,59.9999897
724.2421941926751,179.6630233,59.9999897
724.2378870291894,181.6623384,59.9999897
724.2335829173103,183.6616534,59.9999897
724.2292811280286,185.6609685,59.9999897
724.224981135105,187.6602836,59.9999897
724.2206822151137,189.6595987,59.9999897
724.2163834474703,191.6589138,59.9999897
724.2120841144621,193.658229,59.9999897
724.2077833012654,195.657544,59.9999897
724.2034798959767,197.6568592,59.9999897
724.1991730896166,199.6561744,59.9999897
724.1948616761484,201.6554894,59.9999897
724.1905448524868,203.6548046,59.9999897
724.186221418498,205.6541198,59.9999897
724.1818904770038,207.6534348,59.9999897
724.1775510337739,209.6527499,59.9999897
724.1732021975204,211.6520651,59.9999897
724.1688431798892,213.6513801,59.9999897
724.1644730954358,215.6506952,59.9999897
724.1600914616149,217.6500103,59.9999897
724.1556974987553,219.6493252,59.9999897
724.1512909300225,221.6486403,59.9999897
724.1468712814071,223.6479553,59.9999897
724.1424384816772,225.6472702,59.9999897
724.137992362338,227.6465852,59.9999897
724.133532857603,229.6459002,59.9999897
724.1290605043481,231.645215,59.9999897
724.1245753420435,233.6445299,59.9999897
724.12007801273,235.6438448,59.9999897
724.1155690609537,237.6431596,59.9999897
724.1110494336991,239.6424745,59.9999897
724.1065198803485,241.6417894,59.9999897
724.1019814526146,243.6411041,59.9999897
724.0974353044477,245.640419,59.9999897
724.0928826920186,247.6397338,59.9999897
724.0883248736096,249.6390485,59.9999897
724.083763209544,251.6383633,59.9999897
724.0791992621322,253.6376782,59.9999897
724.0746344955978,255.6369929,59.9999897
724.0700702759514,257.6363078,59.9999897
724.0655082709839,259.6356226,59.9999897
724.0609498501234,261.6349374,59.9999897
724.0563964843768,263.6342523,59.9999897
724.0518496462573,265.6335672,59.9999897
724.0473104096816,267.632882,59.9999897
724.0427802498733,269.632197,59.9999897
724.0382601433208,271.6315119,59.9999897
724.0337510676328,273.6308269,59.9999897
724.0292538014944,275.6301419,59.9999897
724.0247691245539,277.629457,59.9999897
724.0202974173569,279.628772,59.9999897
724.0158389612197,281.6280871,59.9999897
724.0113940381818,283.6274023,59.9999897
724.0069625309048,285.6267175,59.9999897
724.0025441225746,287.6260327,59.9999897
723.9981382968148,289.625348,59.9999897
723.9937445376347,291.6246632,59.9999897
723.9893620292871,293.6239785,59.9999897
723.9849895562312,295.6232938,59.9999897
723.9806260030276,297.6226092,59.9999897
723.9762699542836,299.6219245,59.9999897
723.9719200945324,301.6212399,59.9999897
723.9675745081855,303.6205553,59.9999897
723.9632316794591,305.6198707,59.9999897
723.9588896922795,307.6191861,59.9999897
723.954546730228,309.6185015,59.9999897
723.9502006764554,311.6178169,59.9999897
723.9458497136355,313.6171323,59.9999897
723.9414918238788,315.6164477,59.9999897
723.9371252886891,317.6157631,59.9999897
723.9327479888798,319.6150784,59.9999897
723.9283584045309,321.6143937,59.9999897
723.9239549149271,323.613709,59.9999897
723.9195358984979,325.6130243,59.9999897
723.9151001327901,327.6123395,59.9999897
723.9106464943804,329.6116547,59.9999897
723.9061740588633,331.6109698,59.9999897
723.9016821007727,333.6102849,59.9999897
723.8971702935735,335.6096,59.9999897
723.892638409605,337.608915,59.9999897
723.888086520028,339.60823,59.9999897
723.8835149948202,341.6075449,59.9999897
723.8789244027053,343.6068598,59.9999897
723.8743158111686,345.6061746,59.9999897
723.8696902863687,347.6054894,59.9999897
723.8650493931611,349.6048042,59.9999897
723.8603946950374,351.604119,59.9999897
723.8557281541318,353.6034337,59.9999897
723.8510520311708,355.6027484,59.9999897
723.8463686854742,357.602063,59.9999897
723.841680574899,359.6013777,59.9999897
723.8369904558818,361.6006924,59.9999897
723.8323010833856,363.600007,59.9999897
723.827615310869,365.5993217,59.9999897
723.8229361903387,367.5986363,59.9999897
723.8182665722544,369.597951,59.9999897
723.8136094055952,371.5972657,59.9999897
723.8089675378045,373.5965805,59.9999897
723.8043437148168,375.5958953,59.9999897
723.7997404810286,377.5952101,59.9999897
723.795160479317,379.594525,59.9999897
723.790605651013,381.5938399,59.9999897
723.7860782359404,383.5931549,59.9999897
723.7815797723771,385.59247,59.9999897
723.7771117971072,387.5917851,59.9999897
723.7726752453752,389.5911002,59.9999897
723.7682709509212,391.5904155,59.9999897
723.7638991460004,393.5897308,59.9999897
723.7595598613724,395.5890462,59.9999897
723.7552526263288,397.5883616,59.9999897
723.7509766686935,399.5876771,59.9999897
723.7467306148384,401.5869927,59.9999897
723.7425129897331,403.5863083,59.9999897
723.7383216169086,405.5856239,59.9999897
723.7341542185172,407.5849396,59.9999897
723.7300079153299,409.5842554,59.9999897
723.725879726792,411.5835712,59.9999897
723.7217662710095,413.582887,59.9999897
723.7176637647781,415.5822028,59.9999897
723.7135685236404,417.5815186,59.9999897
723.7094763618617,419.5808345,59.9999897
723.7053830925115,421.5801503,59.9999897
723.7012845274531,423.5794661,59.9999897
723.6971762773776,425.5787819,59.9999897
723.6930541518507,427.5780977,59.9999897
723.6889139593299,429.5774134,59.9999897
723.6847515071736,431.5767291,59.9999897
723.6805631017235,433.5760447,59.9999897
723.6763449482721,435.5753602,59.9999897
723.6720938511388,437.5746757,59.9999897
723.6678067136748,439.5739911,59.9999897
723.6634810383097,441.5733064,59.9999897
723.6591147265633,443.5726217,59.9999897
723.6547060790903,445.5719368,59.9999897
723.6502539956908,447.5712518,59.9999897
723.6457578753441,449.5705668,59.9999897
723.6412177162529,451.5698816,59.9999897
723.6366342158487,453.5691963,59.9999897
723.6320083708019,455.568511,59.9999897
723.6273421771074,457.5678255,59.9999897
723.622638130048,459.5671399,59.9999897
723.617899224231,461.5664543,59.9999897
723.613129153633,463.5657686,59.9999897
723.6083321115972,465.5650828,59.9999897
723.6035129908735,467.5643969,59.9999897
723.5986769836097,469.563711,59.9999897
723.5938299814087,471.5630251,59.9999897
723.5889780753115,473.5623392,59.9999897
723.5841277558329,475.5616533,59.9999897
723.5792858129785,477.5609673,59.9999897
723.5744592362433,479.5602815,59.9999897
723.5696551146575,481.5595956,59.9999897
723.5648804367561,483.5589099,59.9999897
723.5601424906588,485.5582242,59.9999897
723.5554482640267,487.5575386,59.9999897
723.5508042440814,489.5568531,59.9999897
723.5462170176603,491.5561677,59.9999897
723.5416926711949,493.5554825,59.9999897
723.537236690729,495.5547975,59.9999897
723.5328540619462,497.5541125,59.9999897
723.5285492701729,499.5534278,59.9999897
723.5243259003944,501.5527432,59.9999897
723.520186837269,503.5520588,59.9999897
723.516133965136,505.5513746,59.9999897
723.5121684680531,507.5506905,59.9999897
723.5082902297715,509.5500066,59.9999897
723.5044983337923,511.5493228,59.9999897
723.500790563345,513.5486393,59.9999897
723.4971635014255,515.5479558,59.9999897
723.493612730808,517.5472725,59.9999897
723.4901323340462,519.5465893,59.9999897
723.4867152935071,521.5459062,59.9999897
723.4833532913783,523.5452232,59.9999897
723.4800366096773,525.5445403,59.9999897
723.4767544302861,527.5438575,59.9999897
723.4734947349622,529.5431746,59.9999897
723.4702442053417,531.5424918,59.9999897
723.4669887229896,533.541809,59.9999897
723.463712769377,535.5411261,59.9999897
723.4604001259315,537.5404432,59.9999897
723.4570335740374,539.5397602,59.9999897
723.4535951950626,541.539077,59.9999897
723.4500664703731,543.5383937,59.9999897
723.4464281813432,545.5377102,59.9999897
723.4426607093786,547.5370264,59.9999897
723.4387441359315,549.5363424,59.9999897
723.434658142506,551.5356581,59.9999897
723.4303824106867,553.5349732,59.9999897
723.4258969221585,555.534288,59.9999897
723.4211815586972,557.5336023,59.9999897
723.416217102223,559.5329158,59.9999897
723.4109848347849,561.5322288,59.9999897
723.4054674386103,563.531541,59.9999897
723.3996487960961,565.5308522,59.9999897
723.3935150898628,567.5301627,59.9999897
723.3870546027447,569.529472,59.9999897
723.3802588178393,571.52878,59.9999897
723.373122918527,573.5280872,59.9999897
723.3656460884772,575.527393,59.9999897
723.3578326116932,577.5266973,59.9999897
723.3496929725507,579.5260007,59.9999897
723.3412437557773,581.5253026,59.9999897
723.3325090465055,583.5246031,59.9999897
723.3235218303155,585.5239029,59.9999897
723.314323393184,587.5232015,59.9999897
723.3049655215654,589.5224993,59.9999897
723.2955113023974,591.5217968,59.9999897
723.2860347230574,593.5210941,59.9999897
723.2766225714181,595.5203918,59.9999897
723.2673748358297,597.5196902,59.9999897
723.2584046050899,599.5189898,59.9999897
723.2498388684472,601.5182915,59.9999897
723.2418196155986,603.517595,59.9999897
723.2345021366141,605.5169013,59.9999897
723.2280562219385,607.5162109,59.9999897
723.2226654623272,609.5155231,59.9999897
723.2185256487838,611.5148384,59.9999897
723.2158442724967,613.5141562,59.9999897
723.2148392247768,615.5134753,59.9999897
723.215735296927,617.5127947,59.9999897
723.2187631801695,619.5121108,59.9999898
723.2241552655615,621.5114231,59.9999898
723.23214234381,623.5107268,59.9999898
723.2429499051705,625.5100137,59.9999898
723.2567922394512,627.5092865,59.9999898
723.2738694356509,629.5085333,59.9999898
723.2943601819339,631.5077413,59.9999898
723.3184157658043,633.5069196,59.9999898
723.3461556733795,635.5060472,59.9999898
723.3776595896855,637.505109,59.9999898
723.4129589989018,639.5041236,59.9999897
723.4520326832472,641.5030624,59.9999897
723.4947971236969,643.5019141,59.9999896
723.5410951001587,645.5007077,59.9999895
723.5906923901327,647.4994138,59.9999894
723.6432646698147,649.4980354,59.9999893
723.698385813993,651.4966069,59.9999892
723.7555278950285,653.4951123,59.9999892
723.814049684153,655.4935781,59.9999893
723.8731937510025,657.4920318,59.9999894
723.9321015639487,659.4904858,59.9999897
723.9898176911561,661.4889864,59.99999
724.0453156001166,663.4875354,59.9999904
724.0975338599605,665.4861747,59.9999907
724.1454046413613,667.4849369,59.9999908
724.1879190168592,669.4837784,59.9999907
724.2241261637763,671.4827648,59.9999901
724.2531308603812,673.4818531,59.9999889
724.2741358895529,675.481064,59.9999869
724.2864435362503,677.4803443,59.9999835
724.289468088652,679.4796322,59.9999786
724.2827101390137,681.4789484,59.9999748
724.2657407796271,683.478194,59.9999752
724.2381997048078,685.4772757,59.9999799
724.1997815130823,687.476248,59.9999854
724.150230700465,689.4749511,59.9999897
724.0893372650812,691.4732795,59.9999945
724.0169231094825,693.4713226,59.9999983
723.9328532316505,695.4688693,59.9999992
723.8370254325108,697.4658315,59.9967232
723.7293723165213,699.4622722,59.9915798
723.6099492853128,701.4579948,59.9840532
723.4789568423236,703.452786,59.9749141
723.3362266989243,705.4471646,59.9649437
723.1815690442636,707.4404992,59.954071
723.0148941821003,709.4328309,59.9416457
722.836163918757,711.4242862,59.9259613
722.6454114516877,713.4144876,59.9013766
722.4426292875885,715.4035623,59.8654836
722.2278367275734,717.3913381,59.8219475
722.0010340750199,719.3777738,59.7663449
721.7622015346129,721.3629073,59.7016433
721.5113642026193,723.3463338,59.6314273
721.2484498880764,725.3283416,59.5541282
720.9734232920486,727.3087998,59.4733431
720.6863177086905,729.2872058,59.3907281
720.3869590502005,731.26405,59.3067279
720.0751325112637,733.238983,59.2230363
719.750652485382,735.2115772,59.1397625
719.4133708849022,737.1822795,59.057668
719.0636017117295,739.1508138,58.9766048
718.7014633657207,741.1169192,58.89616
718.3268403554137,743.0808538,58.8163858
717.9397335800795,745.0423839,58.7364914
717.5401529385025,747.0012539,58.6562981
717.1280171382456,748.9576545,58.5751098
716.7033268796263,750.9114047,58.4924054
716.2661092610377,752.862229,58.4084802
715.8162913900056,754.8103093,58.3223311
715.3538730675541,756.7555011,58.2339706
714.8789049908333,758.6974708,58.1440389
714.3913035681418,760.6364359,58.0516758
713.8910632012478,762.5722903,57.9572682
713.3783080855982,764.5046124,57.8615307
712.8529704311106,766.4336883,57.7639698
712.3150228391669,768.3594048,57.6650761
711.7645367028474,770.2812574,57.565412
711.2013548331109,772.1995911,57.4648444
710.6254827309716,774.1142683,57.3637802
710.037010991562,776.0248791,57.2625063
709.435841023117,777.9316293,57.1610896
708.821960627733,779.8344351,57.0597846
708.1954449017261,781.7329485,56.9586179
707.5562223511871,783.6272726,56.857702
706.9042745785877,785.5173423,56.7571667
706.2396556817922,787.4028854,56.6568785
705.5623182651732,789.2839245,56.5569153
704.8722521307104,791.1603734,56.4573307
704.1694793782912,793.0320539,56.3579503
703.4539698110185,794.8989304,56.2588079
702.7257305298156,796.7608712,56.1599215
701.9847551367004,798.6177928,56.0611542
701.2310454331717,800.4695894,55.9625153
700.4646101202093,802.3161335,55.8640178
699.6854359000683,804.1573522,55.7655871
698.8935234742468,805.9931403,55.6672276
698.0888893433955,807.8233577,55.5689815
697.2715179099636,809.6479396,55.4708054
696.4414122753939,811.4667791,55.3727037
695.5985957400935,813.2797276,55.2747672
694.7430517065948,815.0867234,55.1769368
693.8747858762939,816.8876584,55.0792136
692.9938255494865,818.6823811,54.981732
692.1001567286418,820.470827,54.884392
691.1937878150791,822.2528856,54.7871921
690.2747460092263,824.0284123,54.6902671
689.343024213256,825.7973307,54.5935012
688.3986336284443,827.5595295,54.4968828
687.4415995554197,829.3148733,54.400524
686.4719229960222,831.063273,54.3043214
685.4896185514699,832.8046161,54.2082563
684.494709022603,834.5387764,54.1124293
683.4872037109548,836.2656538,54.0167767
682.4671210176383,837.9851328,53.921278
681.4344812437176,839.6970966,53.8260764
680.38930079045,841.4014355,53.7311659
679.3316032588026,843.0980299,53.6365151
678.2614061500356,844.7867707,53.5423855
677.1787318652156,846.4675423,53.4488283
676.0836103051022,848.1402189,53.3557582
674.976056971118,849.8046977,53.2635876
673.8560983642335,851.4608607,53.172456
672.7237725849402,853.1085744,53.0821977
671.579094534783,854.7477409,52.9934884
670.4220929147347,856.3782434,52.9067078
669.2528161249776,857.9999403,52.8214413
668.071280767119,859.612737,52.738619
666.8775173422558,861.2165231,52.658752
665.6715884502231,862.8111499,52.58098
664.4535174926443,864.396527,52.506242
663.2233381708676,865.9725571,52.434986
661.9811339843626,867.5390886,52.3659139
660.7269423347315,869.0960388,52.2996846
659.4608038236902,870.6433319,52.2365279
658.1828292503486,872.1808199,52.1750789
656.8930766162488,873.7084325,52.1156644
655.5915956235134,875.2261207,52.0586037
654.278523970915,876.7337446,52.0030002
652.9539378598487,878.2312444,51.9491631
651.617888492771,879.7185925,51.8988232
650.2705255681158,881.1956507,51.8513901
648.9119286870049,882.6623566,51.8074923
647.5421358520211,884.1186855,51.7721293
646.1612916613271,885.5644925,51.7429737
644.7694710157434,886.9997048,51.7206562
643.3667046178012,888.4242948,51.7121277
641.9531382656634,889.8381258,51.7099514
640.5288607600396,891.2411357,51.7140362
639.0939286031938,892.633309,51.7209244
637.6484960937582,894.0145452,51.7287593
636.1926642323697,895.3847961,51.7375199
634.726512420203,896.744023,51.7476066
633.2501606562504,898.0921241,51.7581163
631.7636591426768,899.4290855,51.7689694
630.2671790773488,900.7548021,51.7798935
628.7607719620551,902.0692488,51.7904879
627.2444986978253,903.3723747,51.8007402
625.7185258814013,904.6640282,51.8100582
624.1828748148837,905.9441756,51.8185337
622.6375823996623,907.2127638,51.8263013
621.0828247317916,908.4696236,51.832842
619.5186236131482,909.7147125,51.8385014
617.945001645593,910.9479867,51.8435147
616.362144224902,912.1692777,51.8476303
614.7700908524282,913.3785366,51.8512275
613.1688547305919,914.5757372,51.8545209
611.558629255166,915.7607242,51.8575336
609.9394813267663,916.9334439,51.8605802
608.3114166483992,918.0938915,51.8637395
606.6746326160057,919.2419304,51.8672162
605.0292270293418,920.3775028,51.8712369
603.3751973919661,921.5006239,51.8756852
601.7127404000821,922.6111767,51.8808154
600.0419832525295,923.7090978,51.8867484
598.3629134533393,924.7944172,51.8932004
596.675721499015,925.8670339,51.900356
594.9805585874924,926.9268755,51.9082044
593.2774009231397,927.9739785,51.916418
591.5664271027647,929.0082511,51.9250566
589.8478063234611,930.0296087,51.9339831
588.1215036897715,931.0380854,51.9429877
586.3876825988226,932.0335938,51.9520316
584.6465256469851,933.0160372,51.9609143
582.8979890391748,933.9854585,51.9696356
581.1422449721899,934.941772,51.9781263
579.3794502430192,935.8848851,51.9862199
577.6095964545776,936.8147867,51.9940863
575.8328150047166,937.7313953,52.0016825
574.049252590907,938.6346334,52.0089689
572.258936115025,939.5244855,52.0161513
570.4619911753473,940.4008885,52.0232336
568.6585548697702,941.2637783,52.0303735
566.848681899267,942.1131343,52.0376623
565.0324918624816,942.9489091,52.0451414
563.210116057679,943.771055,52.053212
561.3816317851827,944.5795546,52.0617398
559.547155243941,945.3743777,52.0707795
557.706819532353,946.1554933,52.0810052
555.8607143504768,946.9228949,52.0920007
554.0089534975561,947.676572,52.1038079
552.1516834716932,948.4165075,52.1174069
550.2889931731838,949.1427147,52.1320839
548.4209918016486,949.8552056,52.1478456
546.5478576542248,950.5539736,52.1660433
544.6696603321374,951.2390618,52.1856512
542.7865039354112,951.9105076,52.2066755
540.8986128596963,952.5683148,52.2307589
539.0060256075874,953.2125627,52.256674
537.1088340797683,953.8433188,52.2843673
535.2073274696712,954.4605949,52.3157071
533.3014978817727,955.06451,52.3492304
531.3914136177139,955.6551604,52.3847895
529.4774463678605,956.2325558,52.4241584
527.559526038953,956.7968476,52.4656568
525.6376736334976,957.3481073,52.5090387
523.7123534370575,957.8862582,52.5554324
521.7833958597106,958.4114679,52.6032204
519.8507517073532,958.9238882,52.652154
517.9150968585197,959.4234713,52.7024369
515.9761059281251,959.9103733,52.7530618
514.0337218207724,960.3846559,52.8039184
512.088652812174,960.8461888,52.8546873
510.1405145187943,961.2950953,52.9052143
508.18923714525596,961.7314124,52.9555346
506.2355540658417,962.1549975,53.0054633
504.27905359783944,962.5659572,53.0550858
502.31967234537836,962.9643099,53.1044488
500.3581347827206,963.3499148,53.1533193
498.3940231273127,963.7228626,53.2018783
496.42730028226475,964.0831642,53.2501779
494.4586516232385,964.4307042,53.2980195
492.48767486720476,964.7655661,53.3455752
490.51437301577954,965.087757,53.3928892
488.5393583472958,965.3971888,53.4397561
486.56226687732226,965.6939312,53.4863482
484.58314980560596,965.9779846,53.532704
482.6025101145371,966.2492886,53.5786167
480.62005411704166,966.507896,53.6242709
478.63588331090364,966.7538029,53.669697
476.65035278409897,966.9869772,53.714689
474.663282545212,967.2074523,53.75944
472.67481629034967,967.4152228,53.8039717
470.6851214146672,967.6102828,53.8480775
468.69418862012446,967.7926423,53.8919585
466.70217900210656,967.9622996,53.9356276
464.7090361642182,968.1192507,53.9788761
462.71490240128537,968.2633742,54.0219317
460.72014360020484,968.3946106,54.064795
458.7241652866373,968.5130775,54.1075978
456.7277331337008,968.6188837,54.1505168
454.7309092417906,968.712177,54.19356
452.7330607384667,968.7931179,54.2371725
450.7350149943867,968.861876,54.2812588
448.736817711441,968.9187336,54.32586
446.73784601860194,968.9640719,54.3718067
444.73892408834155,968.9983582,54.4186134
442.74005092650486,969.0222163,54.4663581
440.74062866352887,969.0364176,54.5159833
438.7414311760064,969.0418936,54.5665408
436.74239727414897,969.0397269,54.6180985
434.7429485890859,969.0311157,54.6710382
432.74383579818345,969.0173337,54.7244072
430.7448358174838,968.999738,54.7782098
428.7457519607213,968.9796522,54.8322051
426.7466987245821,968.9579198,54.8861041
424.74749001601566,968.9352015,54.9398867
422.74846321955226,968.9120844,54.993266
420.74935034301376,968.8890154,55.0464078
418.750169081383,968.8663154,55.099299
416.75112092102006,968.8441849,55.1517266
414.75198866471214,968.8227213,55.2039249
412.7528010046705,968.8019607,55.2558842
410.75371742733853,968.7818924,55.3074126
408.7545651327258,968.7624721,55.3587249
406.755373112426,968.7436438,55.4098125
404.7562596542796,968.7253469,55.4604837
402.7570922566117,968.7075232,55.5109436
400.757902210909,968.6901083,55.5611838
398.75874040784106,968.6730361,55.6110146
396.7595587423888,968.6562758,55.6606389
394.76040290568216,968.6398211,55.7100481
392.76122049299704,968.6236783,55.7590563
390.7620496957352,968.6078448,55.8078612
388.7628847071325,968.5923198,55.8564547
386.7636968213879,968.5771083,55.9046544
384.76451823010774,968.5622187,55.952655
382.7653456263731,968.5476609,56.0004484
380.7661518042554,968.5334464,56.047856
378.76696585541214,968.5195876,56.0950686
376.7677849728259,968.5060973,56.1420787
374.7685849503635,968.4929882,56.1887109
372.7693914797468,968.4802735,56.2351521
370.7702020538715,968.467966,56.2813954
368.77099576639597,968.4560788,56.3272683
366.7717947091276,968.4446253,56.3729544
364.77259667488903,968.4336189,56.4184468
362.77338405714147,968.4230732,56.4635763
360.77417564777926,968.4130026,56.5085227
358.77496903958456,968.4034216,56.5532798
356.77575052580715,968.3943453,56.5976809
354.77653489846904,968.3857895,56.6419024
352.77732025029127,968.377771,56.6859388
350.778096274341,968.3703072,56.7296255
348.7788741627573,968.3634175,56.773136
346.7796520082248,968.3571227,56.8164651
344.780423203614,968.3514461,56.8594502
342.7811953411746,968.3464143,56.9022615
340.7819666135357,968.342058,56.9448947
338.7827343133382,968.338413,56.9871871
336.78350203292183,968.3355219,57.0293071
334.7842680648078,968.3334351,57.0712504
332.7850340013253,968.3322117,57.1128524
330.7857994348196,968.331922,57.1542803
328.78656255761666,968.3326473,57.1955302
326.78733046157896,968.3344802,57.2364319
324.7880980389805,968.3375254,57.2771546
322.7888635818531,968.3418964,57.317695
320.7896409814757,968.3477139,57.3578771
318.7904196300781,968.3551003,57.3978783
316.79119801946837,968.364172,57.4376957
314.7919988404531,968.3750322,57.4771664
312.7928038856525,968.3877557,57.5164761
310.7936117472005,968.4023748,57.5556228
308.79445281625374,968.4188661,57.5944981
306.79529908696543,968.4371217,57.6332637
304.7961497531244,968.4569322,57.6719187
302.79703190835846,968.477969,57.710383
300.7979102502259,968.499746,57.7487159
298.7987850763714,968.5216142,57.7869152
296.7996611860205,968.5427551,57.8245926
294.8005138816197,968.5621684,57.8617576
292.80134436637076,968.5787228,57.8984015
290.80214344554815,968.5911936,57.9333489
288.80292212479156,968.5983329,57.9671318
286.80368111072937,968.5989476,57.9997357
284.8044694082018,968.5919427,58.02965
282.8053087227182,968.5763789,58.058198
280.8061954602201,968.55147,58.0853677
278.80731491842295,968.5165809,58.110056
276.8086028043166,968.4712069,58.1336828
274.8100915198453,968.4150143,58.1562402
272.8122049501019,968.3478537,58.1770777
270.8146584072699,968.2696767,58.1972192
268.8170446101153,968.180235,58.2166574
266.8207298092381,968.0791984,58.2349777
264.8245895514775,967.9663529,58.2522613
262.8289703249675,967.8416264,58.268467
260.8346099024763,967.7050001,58.2831221
258.84081821267404,967.556376,58.2970156
256.8479202443654,967.3957304,58.3101004
254.8561902883854,967.2230465,58.3214021
252.86543935365307,967.0382699,58.3315953
250.87593213141625,966.8413885,58.3405578
248.8875532277323,966.632354,58.3469658
246.90056063429907,966.4111479,58.3519483
244.91509384729102,966.1777578,58.3553101
242.93084488046773,965.9320919,58.3559244
240.94832181886903,965.6739352,58.355184
238.96766276095698,965.4031205,58.3528974
236.9884055256068,965.1196129,58.3471723
235.0112436852978,964.8236965,58.3363919
233.03606434435636,964.5154669,58.3190394
231.06253351738422,964.1948297,58.2885589
229.09126358274204,963.8618519,58.2510906
227.12220304423485,963.5164936,58.2054394
225.1551002134234,963.1586634,58.14906
223.1904802724447,962.7884049,58.0880766
221.22832622418028,962.4056611,58.0219885
219.26842577898273,962.010328,57.9507032
217.31126242094467,961.6024396,57.87757
215.356847252116,961.1819369,57.8025207
213.40496918290887,960.7487116,57.7259614
211.4561003977883,960.302823,57.6489134
209.51027519759617,959.8442487,57.5713784
207.5672342942061,959.3728926,57.4932247
205.62751237038543,958.8888068,57.4146208
203.69112332839003,958.3919293,57.3354782
201.7578154799977,957.8821534,57.255034
199.82810190837952,957.3595761,57.1736712
197.902007114989,956.8241713,57.0912402
195.97928521132093,956.2758359,57.0066868
194.06042968134898,955.7146769,56.9209044
192.14548102595037,955.1406769,56.8337673
190.2341975564937,954.5537295,56.7443066
188.3270550577398,953.9539472,56.6536968
186.42411153001282,953.3413177,56.5618796
184.52513018457523,952.7157291,56.4682004
182.63056950700025,952.0772962,56.373738
180.7405048970976,951.426011,56.2784884
178.85470706596035,950.7617558,56.1821623
176.9736161000198,950.0846464,56.0854831
175.0973159989141,949.3946762,55.9884584
173.22561097261135,948.6917322,55.8911011
171.35889810930658,947.9759214,55.7937108
169.49727020844665,947.2472401,55.696295
167.64058497814915,946.5055897,55.5990068
165.78917850900342,945.7510609,55.5018582
163.943156600106,944.9836556,55.4048444
162.10242875778803,944.2032921,55.308131
160.26727477483996,943.4100447,55.2116131
158.43780955014716,942.6039204,55.1152697
156.61399228832835,941.7848567,55.0192319
154.796052084157,940.9529117,54.9233821
152.9841120363995,940.1080947,54.8276902
151.17818124811768,939.250357,54.7322508
149.3784518157562,938.3797349,54.6369731
147.58502503882931,937.4962385,54.5418235
145.7979659180741,936.5998672,54.4468695
144.0174140517603,935.6906465,54.3520477
142.24349233884016,934.7685933,54.2573256
140.47628197982084,933.8337039,54.1627516
138.71591107355187,932.885999,54.0682937
136.96250261910365,931.9254982,53.9739249
135.21614991667306,930.9522056,53.8797002
133.47697416548775,929.9661409,53.785641
131.74509966470052,928.9673269,53.6917257
130.02062721437,927.9557735,53.5980712
128.30367391400412,926.9315006,53.5048105
126.59436656280234,925.8945348,53.411896
124.89281056080084,924.8448902,53.3195813
123.19912060773419,923.7825875,53.2281994
121.51342680282922,922.7076575,53.1375771
119.83583744614796,921.6201186,53.0481483
118.16646453766619,920.519992,52.96052
116.50544207658065,919.4073152,52.8742203
114.8528801630048,918.2821112,52.7898112
113.20888539718608,917.1444031,52.7081429
111.57359567823474,915.994238,52.6282782
109.94712020629535,914.8316473,52.5507489
108.32955608193659,913.6566573,52.4764269
106.72104290409318,912.4693309,52.4039355
105.12168507292799,911.2697117,52.3336051
103.53156448933925,910.057833,52.2659975
101.95081875203138,908.8337786,52.1996867
100.37954386112172,907.5976091,52.1347761
98.8178013178831,906.3493652,52.0715233
97.26572542074958,905.0891529,52.0090757
95.72340416978717,903.8170476,51.9474752
94.19088166667363,902.5330907,51.8877767
92.6682941096424,901.2374013,51.8298051
91.1557309987641,899.9300577,51.7736434
89.65323033616528,898.6110893,51.723517
88.16093922001326,897.2806153,51.6782956
86.6789529505398,895.9387073,51.6380922
85.20731622994983,894.58539,51.6105657
83.7461705567043,893.2207814,51.5910862
82.29560453103247,891.8449643,51.5791639
80.85565205489601,890.4579865,51.5793358
79.42641622700762,889.0599893,51.581872
78.007953547403,887.6510905,51.5864618
76.60027401760495,886.2313746,51.5940682
75.2034478366425,884.8009931,51.6035087
73.81751820456378,883.3600713,51.6144141
72.44250202249358,881.908704,51.6272991
71.07846238998094,880.447024,51.6409458
69.72545170732727,878.9751385,51.6550184
68.38351877536806,877.4931339,51.6690941
67.05274259424098,876.0011092,51.6824518
65.73319666475415,874.4991392,51.6951094
64.42496948751693,872.9873004,51.7062776
63.12815936311436,871.4656673,51.7158383
61.84284829300803,869.9342883,51.7242131
60.5691494775499,868.3932455,51.7307847
59.307170317378194,866.8426154,51.7357907
58.056975214902536,865.2824234,51.7398215
56.81868827004563,863.7127743,51.7426151
55.59243738276303,862.133774,51.7445447
54.378325356599795,860.5453901,51.7460803
53.1764592934197,858.9476645,51.7472649
51.9869706893204,857.3408803,51.748545
50.80968795359252,855.7248887,51.7500688
49.644782482070966,854.0999659,51.7520534
48.492401172109496,852.4663395,51.7550007
47.35240613296599,850.8238438,51.7586513
46.2249348619781,849.172712,51.7632546
45.11012645617161,847.5131955,51.7692532
44.007855023923725,845.8451585,51.7760556
42.91823006339518,844.1688154,51.7838252
41.84136237258549,842.4843914,51.7927511
40.777172357947606,840.791814,51.8021789
39.725756318447566,839.0912732,51.8121425
38.68718555403788,837.3829279,51.8224703
37.66136176987308,835.6667639,51.832791
36.648354760987864,833.9431507,51.8430536
35.64792393746048,832.2118935,51.8528223
34.66051509024269,830.47344,51.862184
33.68630542182885,828.7278259,51.8710812
32.725024450198454,826.9745258,51.8790275
31.777087760763987,825.214261,51.8864604
30.842547156013648,823.4471089,51.8933647
29.92113215409549,821.672531,51.8994083
29.01324604032134,819.8912785,51.905116
28.118920717888013,818.1034092,51.910496
27.23793880252146,816.3084749,51.9155348
26.370622182685565,814.5071259,51.9205644
25.51698276224539,812.699399,51.9256042
24.676905651706296,810.8850557,51.9309441
23.850610144325877,809.0645702,51.9366497
23.03815154629724,807.2378795,51.9427118
22.239642460991455,805.4050423,51.9495937
21.455041089935115,803.5662107,51.9571739
20.684229938845878,801.7213543,51.965365
19.92733660206034,799.8709291,51.9746793
19.18430438593747,798.0148746,51.9849307
18.455108195154214,796.1532006,51.9959409
17.73985082658955,794.2862611,52.0082175
17.038495885006352,792.4140656,52.0216335
16.350998075525297,790.5366052,52.0359336
15.67742849590186,788.6542015,52.0516599
15.017756649621942,786.7669205,52.0688613
14.37191604211401,784.8747373,52.0871904
13.73994237180727,782.9779455,52.1073092
13.121800041008,781.0766616,52.1295332
12.517395255262565,779.1708483,52.1533233
11.9267237134306,777.2607759,52.1794988
11.349733216645426,775.346607,52.2086426
10.786297570457528,773.4282905,52.2398501
10.23637157391724,771.5060771,52.2739902
9.699884726980581,769.5801713,52.3116916
9.176683635276373,767.6504994,52.3515907
8.666697097993943,765.7172913,52.3943424
8.169855413997627,763.7807908,52.4401763
7.68600308944835,761.8408828,52.4875742
7.21507762388792,759.897773,52.5367728
6.757044515350892,757.9517443,52.5874231
6.311777171200799,756.0026201,52.6385579
5.879248391568371,754.0505836,52.6901158
5.459473973689219,752.0959694,52.741592
5.052352926692507,750.1385185,52.7929204
4.657841750433537,748.17842,52.8440353
4.27590524005955,746.2160887,52.8947851
3.9065061056086723,744.2512388,52.9452892
3.5496976520629606,742.2838584,52.9954951
3.205652668649819,740.3147456,53.0452101
2.8742588749636084,738.3431331,53.0946586
2.555511975063093,736.3690348,53.1438018
2.2496756465759065,734.3938799,53.1924746
1.9570057303510888,732.4160701,53.2408908
1.6779177320184206,730.4358013,53.2890104
1.4125846260600854,728.4546878,53.3366533
1.1602763440531867,726.4710426,53.3840425
0.920782668349232,724.4858498,53.4311304
0.6941554980674867,722.4994324,53.4777629
0.4803271471154891,720.511308,53.5241557
0.2792552050980941,718.5222177,53.5702543
0.09060238582823521,716.5314892,53.6159445
-0.08594833119132073,714.5401682,53.6614093
-0.2504527330451949,712.5477906,53.7065894
-0.40238310273030287,710.5541151,53.7513712
-0.5415590431603592,708.5596897,53.7959789
-0.6680099488537818,706.5644844,53.8403865
-0.7817838108144763,704.5682689,53.8848373
-0.8829394349885136,702.5715813,53.929441
-0.9716218164100603,700.5743172,53.9743077
-1.048026350737226,698.5763476,54.0198668
-1.1124078459973794,696.5781339,54.0659851
-1.1651359019903187,694.5795774,54.1129147
-1.206691421694134,692.5806117,54.161272
-1.23769971909906,690.5815871,54.2105716
-1.2589507042987376,688.5824278,54.261154
-1.2714089926163994,686.5830945,54.3134329
-1.2762480102098088,684.5838424,54.366584
-1.2747526804024396,682.5845485,54.4207963
-1.2682435322273236,680.5852567,54.4758416
-1.257967094423802,678.5859654,54.5311369
-1.2450706957819766,676.5866826,54.5866249
-1.2305681640953425,674.5874176,54.6419579
-1.2152627237987863,672.5881552,54.6971152
-1.1997710967657094,670.5888928,54.7520007
-1.1845248018592769,668.5896331,54.8064652
-1.1697948548543406,666.5903663,54.8606844
-1.1557356695652143,664.5910942,54.9145888
-1.1424049579386244,662.5918212,54.9680927
-1.1297936303610006,660.5925401,55.0213682
-1.1178538965784153,658.5932542,55.0743533
-1.106513165832511,656.5939693,55.1269574
-1.0956911469985,654.5946777,55.1793406
-1.0853091491972293,652.5953829,55.2314412
-1.0752959818166832,650.5960912,55.2831652
-1.0655921543723408,648.5967937,55.3346709
-1.056150176958079,646.5974941,55.3858979
-1.0469342601081784,644.5981988,55.4367535
-1.0379197145377592,642.598898,55.4873945
-1.02908985150669,640.5995955,55.5377624
-1.0204349826447223,638.6002978,55.5877658
-1.0119501196386893,636.6009947,55.6375592
-1.0036332746104981,634.6016899,55.6870858
-0.9954842599323062,632.6023902,55.7362556
-0.9875036879392836,630.6030849,55.78522
-0.9796918713122946,628.603778,55.833924
-0.9720488229204585,626.6044767,55.8822788
-0.9645740555544382,624.6051694,55.9304329
-0.9572645822781296,622.6058604,55.9783328
-0.9501145162112175,620.606554,56.0258908
-0.9431195705567372,618.6072435,56.0732527
-0.936277758895717,616.6079354,56.1203666
-0.929588994925926,614.6086263,56.167146
-0.9230496924324303,612.6093175,56.2137335
-0.9166554653018308,610.610008,56.2600789
-0.9104020275837534,608.6106976,56.3060966
-0.9042848934810523,606.6113873,56.3519268
-0.8982998773422399,604.6120766,56.3975203
-0.8924429936716143,602.612765,56.4427931
-0.8867101571281086,600.6134535,56.4878823
-0.881097782523828,598.6141418,56.5327402
-0.8756020848045751,596.6148292,56.577284
-0.8702197790900383,594.6155168,56.6216482
-0.8649475806290283,592.6162041,56.6657864
-0.8597822048098607,590.6168907,56.7096168
-0.8547206671752718,588.6175773,56.7532714
-0.8497601834051944,586.6182638,56.7967051
-0.8448976692967669,584.6189497,56.8398372
-0.8401304407975543,582.6196357,56.8827972
-0.8354559139804261,580.6203215,56.9255414
-0.830871505040943,578.6210067,56.9679899
-0.8263745302925498,576.621692,57.0102699
-0.8219625061697902,574.6223773,57.0523388
-0.8176331492270497,572.6230619,57.094118
-0.8133840761247155,570.6237467,57.1357321
-0.8092130036286034,568.6244314,57.1771398
-0.8051175485991369,566.6251156,57.2182635
-0.8010957280095186,564.6258,57.2592255
-0.7971453589124784,562.6264842,57.2999856
-0.7932643584496804,560.627168,57.3404671
-0.7894507438447596,558.6278519,57.3807903
-0.7857024323894541,556.6285358,57.4209161
-0.782017741463215,554.6292192,57.4607686
-0.7783945884822634,552.6299028,57.5004659
-0.7748313909442408,550.6305863,57.5399701
-0.7713262663790408,548.6312694,57.5792062
-0.7678775323617062,546.6319527,57.6182903
-0.7644836065086764,544.6326359,57.6571854
-0.761142806455334,542.6333188,57.6958175
-0.7578535498541976,540.6340018,57.7343006
-0.7546143543737038,538.6346848,57.7725987
-0.7514238376902775,536.6353673,57.8106387
-0.7482804174480755,534.6360501,57.8485327
-0.7451827112911884,532.6367329,57.8862457
-0.7421294368414606,530.6374153,57.9237053
-0.7391193116717152,528.6380978,57.9610218
-0.7361509533033823,526.6387804,57.998161
-0.7332230792084853,524.6394626,58.0350517
-0.7303346067844134,522.640145,58.0718019
-0.727484353348347,520.6408274,58.1083786
-0.7246711361231535,518.6415095,58.1447112
-0.7218937722127139,516.6421917,58.1809062
-0.719151378622545,514.642874,58.2169312
-0.7164426722081756,512.6435559,58.2527166
-0.7137668696884201,510.644238,58.2883669
-0.7111227876087476,508.6449201,58.3238508
-0.7085096423646635,506.6456019,58.3590994
-0.7059263501263873,504.6462839,58.3942156
-0.7033721268889139,502.6469659,58.4291687
-0.7008459884151192,500.6476476,58.4638907
-0.6983472502309427,498.6483295,58.4984828
-0.6958749276032217,496.6490114,58.5329151
-0.6934285355593168,494.6496931,58.5671205
-0.6910074888144555,492.6503751,58.6011983
-0.6886111017976129,490.6510568,58.6351197
-0.6862382885618468,488.6517386,58.6688181
-0.6838882628538001,486.6524202,58.7023913
-0.6815601380404868,484.6531017,58.7358112
-0.6792534271241912,482.6537835,58.7690121
-0.6769673427146894,480.654465,58.80209
-0.6747012969873598,478.6551465,58.8350178
-0.6724547016775659,476.6558282,58.8677302
-0.670226968076598,474.6565097,58.9003221
-0.6680175069759029,472.6571911,58.9327667
-0.6658257286536271,470.6578727,58.9649998
-0.6636510428836901,468.6585541,58.9971144
-0.6614930588829759,466.6592355,59.0290848
-0.6593510852778195,464.659917,59.0608471
-0.6572248301372499,462.6605984,59.0924932
-0.6551137008793555,460.6612798,59.1239979
-0.6530172042858888,458.6619613,59.1552981
-0.6509349464949254,456.6626426,59.1864841
-0.6488664329268898,454.6633239,59.2175315
-0.6468112682932876,452.6640054,59.2483778
-0.6447691565984632,450.6646867,59.279112
-0.6427396010472837,448.6653679,59.3097103
-0.6407223040596897,446.6660493,59.3401108
-0.6387168672607633,444.6667306,59.3704013
-0.6367230914319686,442.6674119,59.4005584
-0.6347405764798211,440.6680932,59.4305211
-0.6327690214271922,438.6687745,59.4603756
-0.6308082243928714,436.6694557,59.4900993
-0.6288579825389107,434.670137,59.5196318
-0.6269180920749831,432.6708183,59.549058
-0.6249882482112517,430.6714995,59.5783558
-0.6230683451380923,428.6721808,59.6074656
-0.6211582760236274,426.672862,59.6364709
-0.6192578329497689,424.6735431,59.6653502
-0.6173669068948957,422.6742244,59.6940444
-0.6154852877453934,420.6749056,59.7226358
-0.6136130642437365,418.6755868,59.7511036
-0.6117500239496323,416.676268,59.779389
-0.6098960532390088,414.6769492,59.8075733
-0.6080510372796191,412.6776303,59.8356359
-0.606214759970455,410.6783116,59.8635184
-0.6043873040148391,408.6789927,59.8913004
-0.6025683507694364,406.6796738,59.9189615
-0.6007577803077471,404.680355,59.9453756
-0.5989553713853688,402.6810362,59.9683542
-0.5971608014143284,400.6817172,59.9863735
-0.595374046424987,398.6823984,59.9951198
-0.5935945810781442,396.6830795,59.9998127
-0.5918222786369123,394.6837606,59.9999796
-0.5900569109416924,392.6844418,59.9999925
-0.5882979484022304,390.6851229,59.99999
-0.5865451599823777,388.685804,59.9999897
-0.5847982131868354,386.6864851,59.9999897
-0.5830565740354938,384.6871662,59.9999897
-0.5813200070928088,382.6878472,59.9999897
-0.5795879753816378,380.6885284,59.9999897
-0.5778600404741292,378.6892095,59.9999897
-0.5761358624188446,376.6898905,59.9999897
-0.5744148997146858,374.6905717,59.9999897
-0.5726969094137875,372.6912527,59.9999897
-0.5709814469815697,370.6919338,59.9999897
-0.5692680663913627,368.6926149,59.9999897
-0.5675564200934007,366.693296,59.9999897
-0.5658462590320967,364.693977,59.9999897
-0.5641372326065897,362.6946581,59.9999897
-0.5624289887295078,360.6953392,59.9999897
-0.5607214738212303,358.6960203,59.9999897
-0.5590144327972615,356.6967014,59.9999897
-0.5573075090942732,354.6973824,59.9999897
-0.5556007446803308,352.6980635,59.9999897
-0.55389398008362,350.6987446,59.9999897
-0.5521870543900373,348.6994257,59.9999897
-0.5504800052900141,346.7001067,59.9999897
-0.5487725690326455,344.7007879,59.9999897
-0.5470649805824062,342.7014689,59.9999897
-0.5453570734835305,340.70215,59.9999897
-0.5436487800052543,338.7028311,59.9999897
-0.5419402311368353,336.7035122,59.9999897
-0.5402312566037395,334.7041933,59.9999897
-0.5385220849383474,332.7048744,59.9999897
-0.5368125434866782,330.7055554,59.9999897
-0.5351027584502948,328.7062365,59.9999897
-0.5333925549495353,326.7069176,59.9999897
-0.5316820570639251,324.7075987,59.9999897
-0.5299711878646711,322.7082798,59.9999897
-0.5282598694738461,320.7089609,59.9999897
-0.5265481231205866,318.709642,59.9999897
-0.5248357691908225,316.710323,59.9999897
-0.5231228272684936,314.7110041,59.9999897
-0.5214091162262253,312.7116852,59.9999897
-0.5196946542700758,310.7123663,59.9999897
-0.5179792589951218,308.7130474,59.9999897
-0.5162627474587369,306.7137285,59.9999897
-0.5145450362512412,304.7144096,59.9999897
-0.5128260415612287,302.7150907,59.9999897
-0.5111055792509998,300.7157717,59.9999897
-0.5093835649057068,298.7164528,59.9999897
-0.5076597139442507,296.7171339,59.9999897
-0.5059341416835199,294.717815,59.9999897
-0.5042065633992285,292.7184961,59.9999897
-0.5024768944236415,290.7191772,59.9999897
-0.5007451502226168,288.7198583,59.9999897
-0.49901124647198447,286.7205394,59.9999897
-0.49727519915295204,284.7212204,59.9999897
-0.49553692460321486,282.7219015,59.9999897
-0.493796539651127,280.7225826,59.9999897
-0.4920539616639674,278.7232637,59.9999897
-0.4903094086526396,276.7239448,59.9999897
-0.48856289934752084,274.7246259,59.9999897
-0.48681465329424345,272.725307,59.9999897
-0.48506479093511956,270.7259881,59.9999897
-0.483313433699049,268.7266692,59.9999897
-0.48156100409982106,266.7273502,59.9999897
-0.47980762578976943,264.7280313,59.9999897
-0.47805352368946874,262.7287124,59.9999897
-0.4762990240501095,260.7293935,59.9999897
-0.47454445454913063,258.7300745,59.9999897
-0.4727899443466921,256.7307557,59.9999897
-0.47103602423494895,254.7314367,59.9999897
-0.4692827266376778,252.7321178,59.9999897
-0.46753058575998807,250.7327989,59.9999897
-0.46577963763702623,248.7334799,59.9999897
-0.4640301202113939,246.7341609,59.9999897
-0.462282373418617,244.734842,59.9999897
-0.46053653927175286,242.735523,59.9999897
-0.4587925619096689,240.736204,59.9999897
-0.45705058768394924,238.7368851,59.9999897
-0.45531056523835733,236.737566,59.9999897
-0.45357264553772403,234.7382471,59.9999897
-0.4518366819746946,232.7389282,59.9999897
-0.4501026304094582,230.7396091,59.9999897
-0.448370149212459,228.7402901,59.9999897
-0.446638999344926,226.7409712,59.9999897
-0.4449088444065419,224.7416521,59.9999897
-0.4431792506619896,222.7423331,59.9999897
-0.4414498871086767,220.7430142,59.9999897
-0.4397200255141147,218.7436951,59.9999897
-0.43798924043836074,216.7443761,59.9999897
-0.4362568092844752,214.7450572,59.9999897
-0.43452211232612115,212.7457381,59.9999897
-0.43278443272296396,210.7464191,59.9999897
-0.4310430565558532,208.7471001,59.9999897
-0.429297072839514,206.747781,59.9999897
-0.4275458735365465,204.748462,59.9999897
-0.4257885535712669,202.7491431,59.9999897
-0.42402441083419884,200.749824,59.9999897
-0.4222527461851122,198.750505,59.9999897
-0.4204726634526068,196.7511861,59.9999897
-0.41868376942580987,194.751867,59.9999897
-0.4168851738509236,192.752548,59.9999897
-0.41507638941350855,190.7532291,59.9999897
-0.41325703171837347,188.75391,59.9999897
-0.41142651927983565,186.754591,59.9999897
-0.40958467348722927,184.7552721,59.9999897
-0.4077312185750248,182.7559531,59.9999897
-0.4058660816000401,180.7566341,59.9999897
-0.40398909240333314,178.7573153,59.9999897
-0.40210058355234857,176.7579962,59.9999897
-0.4002005903371204,174.7586773,59.9999897
-0.39828965068816835,172.7593585,59.9999897
-0.396368005131686,170.7600395,59.9999897
-0.39443639676145725,168.7607205,59.9999897
-0.3924955711687108,166.7614017,59.9999897
-0.3905461763604201,164.7620827,59.9999897
-0.38858916274535993,162.7627638,59.9999897
-0.38662558303480044,160.763445,59.9999897
-0.3846565921733278,158.764126,59.9999897
-0.3826831473047143,156.7648071,59.9999897
-0.3807067076698196,154.7654883,59.9999897
-0.37872843452423943,152.7661693,59.9999897
-0.3767495911076377,150.7668504,59.9999897
-0.3747715425256768,148.7675316,59.9999897
-0.3727956556674865,146.7682126,59.9999897
-0.3708231991697719,144.7688937,59.9999897
-0.3688555432861129,142.7695748,59.9999897
-0.36689375981775463,140.7702558,59.9999897
-0.36493912205302514,138.7709369,59.9999897
-0.3629926046407812,136.771618,59.9999897
-0.3610553835276651,134.772299,59.9999897
-0.35912813587176196,132.77298,59.9999897
-0.3572116399530376,130.7736611,59.9999897
-0.35530657505612684,128.774342,59.9999897
-0.35341332144124493,126.775023,59.9999897
-0.3515322601980273,124.775704,59.9999897
-0.3496633731802996,122.776385,59.9999897
-0.3478066429130351,120.7770659,59.9999897
-0.34596185252789446,118.7777469,59.9999897
-0.3441285856275016,116.7784278,59.9999897
-0.3423063262499415,114.7791087,59.9999897
-0.34049415874721145,112.7797896,59.9999897
-0.33869126772076363,110.7804705,59.9999897
-0.3368965379272044,108.7811514,59.9999897
-0.33510865419832303,106.7818323,59.9999897
-0.3333263013662835,104.7825132,59.9999897
-0.331547864167244,102.783194,59.9999897
-0.3297719272103077,100.7838749,59.9999897
-0.32799657483252176,98.7845558,59.9999897
-0.3262202910777061,96.7852366,59.9999897
-0.3244410596167082,94.7859175,59.9999897
-0.3226571636584117,92.7865984,59.9999897
-0.32086678589863027,90.7872793,59.9999897
-0.3190681084496987,88.7879602,59.9999897
-0.317259412772513,86.788641,59.9999897
-0.3154390796473052,84.7893219,59.9999897
-0.31360558907427816,82.7900029,59.9999897
-0.31175742021187336,80.7906838,59.9999897
-0.3098934513801215,78.7913647,59.9999897
-0.30801245996234083,76.7920457,59.9999897
-0.3061137223575843,74.7927266,59.9999897
-0.3041964139629778,72.7934076,59.9999897
-0.30226010909442813,70.7940886,59.9999897
-0.3003045809674125,68.7947696,59.9999897
-0.2983300016583881,66.7954506,59.9999897
-0.2963365420550117,64.7961317,59.9999897
-0.2943248718209146,62.7968128,59.9999897
-0.2922956593531394,60.7974938,59.9999897
-0.29025007180126217,58.7981749,59.9999897
-0.28818937497671726,56.7988561,59.9999897
-0.2861153333478077,54.7995372,59.9999897
-0.28402961002284144,52.8002183,59.9999897
-0.2819342667304019,50.8008995,59.9999897
-0.2798315637640396,48.8015806,59.9999897
-0.2777238600141967,46.8022618,59.9999897
-0.27561371290128456,44.802943,59.9999897
-0.2735038783855659,42.8036241,59.9999897
-0.2713970109601318,40.8043053,59.9999897
-0.26929586359663027,38.8049864,59.9999897
-0.2672034878116394,36.8056676,59.9999897
-0.2651225335542273,34.8063487,59.9999897
-0.26305584929920567,32.8070299,59.9999897
-0.26100598195072067,30.807711,59.9999897
-0.2589756769178555,28.808392,59.9999897
-0.2569672780756882,26.8090731,59.9999897
-0.25498302774780424,24.8097542,59.9999897
-0.2530247667124206,22.8104352,59.9999897
-0.25109443425378775,20.8111162,59.9999897
-0.24919326809319475,18.8117972,59.9999897
-0.24732250444242965,16.8124781,59.9999897
-0.24548297801449692,14.8131591,59.9999897
-0.24367512198350294,12.81384,59.9999897
-0.24189886803860539,10.8145209,59.9999897
-0.2401541464021264,8.8152018,59.9999897
-0.23844008578915954,6.8158826,59.9999897
-0.23675561348354712,4.8165634,59.9999897
-0.2350992553197564,2.8172442,59.9999897
-0.23346933572067652,0.817925,59.9999897
-0.2318633776675183,-1.1813943,59.9999897
-0.23027900280711489,-3.1807135,59.9999897
-0.22871333138519656,-5.1800328,59.9999897
-0.2271629823116612,-7.1793521,59.9999897
-0.22562467320486856,-9.1786713,59.9999897
-0.22409452034664756,-11.1779906,59.9999897
-0.2225688387924496,-13.17731,59.9999897
-0.22104354235730028,-15.1766292,59.9999897
-0.21951444360834937,-17.1759485,59.9999897
-0.21797745395678714,-19.1752679,59.9999897
-0.21642838366713502,-21.1745871,59.9999897
-0.21486304184474037,-23.1739063,59.9999897
-0.21327753651693193,-25.1732256,59.9999897
-0.21166797464733556,-27.1725448,59.9999897
-0.210030862157911,-29.171864,59.9999897
-0.20836270394795076,-31.1711832,59.9999897
-0.20666060396234087,-33.1705023,59.9999897
-0.20492186517388422,-35.1698214,59.9999897
-0.20314438964813775,-37.1691406,59.9999897
-0.20132627856411478,-39.1684595,59.9999897
-0.1994663322134551,-41.1677785,59.9999897
-0.19756375006223514,-43.1670976,59.9999897
-0.19561843079557928,-45.1664164,59.9999897
-0.19363077227484649,-47.1657353,59.9999897
-0.19160167161674213,-49.1650543,59.9999897
-0.18953272523412412,-51.1643729,59.9999897
-0.18742622879320336,-53.1636917,59.9999897
-0.18528487729631316,-55.1630105,59.9999897
-0.1831120650919864,-57.1623291,59.9999897
-0.18091168586538764,-59.1616478,59.9999897
-0.17868833271034124,-61.1609665,59.9999897
-0.1764468981116245,-63.160285,59.9999897
-0.17419287396666938,-65.1596036,59.9999897
-0.171932051616273,-67.1589223,59.9999897
-0.1696707218786333,-69.1582408,59.9999897
-0.16741527501320785,-71.1575594,59.9999897
-0.16517250079311774,-73.1568781,59.9999897
-0.16294908849096545,-75.1561966,59.9999897
-0.16075202689566748,-77.1555153,59.9999897
-0.1585882043434763,-79.1548341,59.9999897
-0.15646430872124562,-81.1541527,59.9999897
-0.1543870274773691,-83.1534714,59.9999897
-0.15236254762956447,-85.1527904,59.9999897
-0.15039695582817547,-87.1521091,59.9999897
-0.14849573829080764,-89.1514281,59.9999897
-0.14666368086782722,-91.1507472,59.9999897
-0.1449054690808227,-93.1500661,59.9999897
-0.1432246880594925,-95.1493852,59.9999897
-0.1416243226189038,-97.1487045,59.9999897
-0.14010645725758675,-99.1480236,59.9999897
-0.13867247616352696,-101.1473429,59.9999897
-0.13732256322713043,-103.1466624,59.9999897
-0.13605600207669033,-105.1459817,59.9999897
-0.1348710760677725,-107.1453012,59.9999897
-0.1337648683133894,-109.1446208,59.9999897
-0.13273336170106687,-111.1439402,59.9999897
-0.13177133888981674,-113.1432598,59.9999897
-0.13087228234111414,-115.1425795,59.9999897
-0.13002867434740484,-117.141899,59.9999897
-0.12923159701387021,-119.1412186,59.9999897
-0.128471232315448,-121.1405384,59.9999897
-0.12773626208157607,-123.1398579,59.9999897
-0.12701466803783346,-125.1391776,59.9999897
-0.1262931318058298,-127.1384974,59.9999897
-0.12555743493521732,-129.1378169,59.9999897
-0.12479255891097818,-131.1371366,59.9999897
-0.12398268518146738,-133.1364564,59.9999897
-0.12311129517269581,-135.1357758,59.9999897
-0.12216127029375956,-137.1350954,59.9999897
-0.12111499196806319,-139.1344151,59.9999897
-0.11995454165087738,-141.1337343,59.9999897
-0.11866150081793148,-143.1330537,59.9999897
-0.11721755101920683,-145.1323732,59.9999897
-0.11560437387847378,-147.1316921,59.9999897
-0.11380355108756568,-149.1310111,59.9999897
-0.11179726445885674,-151.1303301,59.9999897
-0.10956789590825933,-153.1296484,59.9999897
-0.10709902750518285,-155.1289666,59.9999897
-0.10437494145711934,-157.1282849,59.9999897
-0.1013813201465461,-159.1276021,59.9999897
-0.09810584615732498,-161.1269191,59.9999897
-0.09453830228370519,-163.1262361,59.9999897
-0.09067067153190767,-165.1255518,59.9999897
-0.08649883719842189,-167.1248672,59.9999897
-0.08202208284137935,-169.1241824,59.9999897
-0.07724389230788642,-171.123496,59.9999897
-0.07217304978434713,-173.1228093,59.9999897
-0.06682413980155122,-175.1221224,59.9999897
-0.06121774722800355,-177.1214339,59.9999897
-0.055382357353397804,-179.1207451,59.9999897
-0.04935375583467971,-181.1200562,59.9999897
-0.04317652873934463,-183.1193661,59.9999897
-0.03690496258109022,-185.1186761,59.9999897
-0.03060314428531763,-187.1179862,59.9999897
-0.024345461190601103,-189.117296,59.9999897
-0.018218201099928777,-191.1166064,59.9999897
-0.012318852214463494,-193.1159175,59.9999897
-0.00675660313434534,-195.1152296,59.9999897
-0.0016534428729642059,-197.1145429,59.9999897
0.0028564391942378364,-199.1138574,59.9999897
0.00662715336652564,-201.1131738,59.9999897
0.009500509637165422,-203.1124915,59.9999897
0.0113071177452575,-205.1118102,59.9999897
0.011867987254710055,-207.1111298,59.9999897
0.01099432757865726,-209.110449,59.9999897
0.008490748084992727,-211.1097676,59.9999897
0.0041567582086528,-213.1090815,59.9999897
-0.0022107325366196307,-215.1083902,59.9999898
-0.010813914413224879,-217.1076936,59.9999898
-0.02185147723561265,-219.1069792,59.9999898
-0.03551331054260176,-221.1062508,59.9999898
-0.0519768032811756,-223.105508,59.9999898
-0.07140304346503301,-225.104726,59.9999898
-0.0939291187383664,-227.103917,59.9999898
-0.11966441572961095,-229.1030808,59.9999898
-0.14868491957775642,-231.1021781,59.9999898
-0.1810246151309558,-233.1012348,59.9999897
-0.21667028571392155,-235.1002508,59.9999897
-0.2555557127238872,-237.0991777,59.9999896
-0.2975498773367926,-239.0980567,59.9999896
-0.34245225872302276,-241.096888,59.9999895
-0.38998623395041765,-243.0956296,59.9999894
-0.43978567976832217,-245.0943328,59.9999893
-0.4913925706332072,-247.0929978,59.9999893
-0.5442541793987306,-249.091615,59.9999893
-0.5977120781787262,-251.0902272,59.9999894
-0.6510135373955164,-253.0888353,59.9999896
-0.7033207274873106,-255.087483,59.9999898
-0.7537169179029708,-257.0861736,59.9999901
-0.8012414787160709,-259.0849123,59.9999904
-0.8449143825470493,-261.0837845,59.9999905
-0.8837736013639659,-263.0827077,59.9999906
-0.916935412854953,-265.0817421,59.9999801
