2.163495527597875,-265.0817421,59.9999801
2.1287933373256545,-267.0808224,59.999986
2.101444312192023,-269.0800226,59.999988
2.082198584929132,-271.0793971,59.9999862
2.0716907291789832,-273.0786244,59.9999827
2.0704590051065317,-275.0779221,59.9999795
2.078975903524249,-277.0772673,59.9999769
2.097649413985679,-279.0762997,59.9999803
2.126833255308437,-281.0752628,59.9999844
2.166833491424211,-283.0741056,59.9999891
2.21790295083825,-285.0724298,59.9999923
2.2802666543277788,-287.0704971,59.9999958
2.3541058932308854,-289.0682353,59.9999997
2.439553217779966,-291.0652419,59.9991776
2.53674163985957,-293.0617773,59.9961012
2.6457254176962453,-295.0577417,59.9906468
2.766474844133441,-297.0527299,59.9818441
2.8989944369807303,-299.047048,59.9718826
3.0433637175615393,-301.0406714,59.9607194
3.1996976714450875,-303.03307,59.9483091
3.368068414033081,-305.0246138,59.9312144
3.5484633350130146,-307.015021,59.9087876
3.740880615015619,-309.0042286,59.8719505
3.9453198971792136,-310.992207,59.8273793
4.161765493766811,-312.9787453,59.7742019
4.390257049129742,-314.9640722,59.7081535
4.630776420257431,-316.9478082,59.6369734
4.883339490567471,-318.9298327,59.560206
5.148040961373175,-320.9105481,59.4777704
5.424853316578932,-322.8893345,59.3938192
5.713819812797528,-324.8661691,59.3083846
6.015080925484968,-326.8414782,59.2228298
6.328782050699953,-328.8145399,59.1377932
6.655077734639872,-330.785385,59.053465
6.993980933490617,-332.75436,58.9706019
7.345299207305995,-334.7208825,58.8883531
7.709008369039394,-336.6850084,58.8067746
8.085208120819495,-338.6469731,58.7254766
8.473845228757273,-340.6062812,58.6438942
8.874955243933806,-342.5629429,58.5619019
9.288611622742014,-344.5171342,58.4783651
9.71476011839139,-346.4684407,58.3936837
10.15342593650728,-348.4168428,58.3076546
10.60467319816976,-350.3624837,58.2190157
11.068448257378284,-352.3049974,58.1289291
11.544769731052838,-354.2443403,58.037226
12.033702470348754,-356.180645,57.9429645
12.535191743864466,-358.1135651,57.8475071
13.049252349934347,-360.0430366,57.7507672
13.575957748893824,-361.9692038,57.6522901
14.115247441989247,-363.8917135,57.5531448
14.66713230083088,-365.8104832,57.4533126
15.231702174571407,-367.7256919,57.3527586
15.808882722965862,-369.6369554,57.2520379
16.398679598270014,-371.544172,57.1511594
17.001207507448242,-373.4475812,57.0503246
17.61636840175551,-375.3467436,56.9496242
18.2441595381473,-377.2415357,56.8490644
18.88473173141593,-379.1322853,56.7488986
19.537951957151016,-381.0184752,56.648951
20.2038095484848,-382.8999674,56.5492217
20.88248968475904,-384.7771655,56.4498847
21.5738298492329,-386.6494992,56.3507211
22.277794088151353,-388.5168031,56.2517233
22.99458932342656,-390.3795557,56.1529648
23.72401525652113,-392.2371124,56.054305
24.466079383594494,-394.0893683,55.955735
25.220979159626342,-395.9366851,55.8572943
25.98854735234113,-397.7785487,55.758923
26.76878749366556,-399.6148776,55.6606141
27.56180877259216,-401.4458301,55.5624197
28.367510582624284,-403.2710747,55.4643171
29.18589971418365,-405.0905339,55.366297
30.017015852532975,-406.9042008,55.2684416
30.86081096796272,-408.7118751,55.1707314
31.7173053803139,-410.5135064,55.0731435
32.5864751398011,-412.3089509,54.9757753
33.46830626542611,-414.0980875,54.8785958
34.36284527517669,-415.8809131,54.7815623
35.27002040636312,-417.6571733,54.6847617
36.189849700547505,-419.426774,54.5881584
37.12241471786887,-421.1897955,54.4916956
38.0675619012546,-422.9458944,54.3954384
39.0253036820528,-424.6950194,54.2993655
39.99570583835544,-426.4372045,54.2034274
40.9786569895432,-428.172162,54.1076963
41.97415394802508,-429.8998047,54.0122307
42.98225210701598,-431.6201436,53.9169857
44.0028612029358,-433.3329402,53.8221085
45.03596595753005,-435.0380884,53.727816
46.08159958848992,-436.7355608,53.6340065
47.13969296605881,-438.4251633,53.5409686
48.210230197154566,-440.1067912,53.4491504
49.293211725167836,-441.7803633,53.3582579
50.38858429193335,-443.4457281,53.2687319
51.496337837183795,-445.1028238,53.1812414
52.61639862265099,-446.7514942,53.0951402
53.74873269994169,-448.391611,53.0109284
54.89340279760886,-450.0231427,52.929322
56.05028621021435,-451.6458347,52.8492814
57.21937684669119,-453.2596195,52.7711959
58.40071854039689,-454.8644988,52.6955172
59.59414081390662,-456.460191,52.6210424
60.799623837942725,-458.0466302,52.5479292
62.01723278690058,-459.6238655,52.4761866
63.246751992708035,-461.1915901,52.4049789
64.48814381459222,-462.7497393,52.3343134
65.74149805501783,-464.2984092,52.2642984
67.00655871760696,-465.8372719,52.1948784
68.28327305367996,-467.3662574,52.1261499
69.57176288121177,-468.8854988,52.0601205
70.8717464887951,-470.3946481,51.9968584
72.1831628075529,-471.8936196,51.9365687
73.5061694889115,-473.3825683,51.8855027
74.84046932793208,-474.8611331,51.8412387
76.18599916414968,-476.329226,51.803891
77.54290236388256,-477.7869879,51.7821357
78.91088715188738,-479.2341068,51.768563
80.28986008602187,-480.6705152,51.7624813
81.67988970537814,-482.0963391,51.7643058
83.08069391379406,-483.5113709,51.7687435
84.49213624380795,-484.9155751,51.7755254
85.91421024033797,-486.3090531,51.7862918
87.34667547120853,-487.6916778,51.7992458
88.78939525490995,-489.0634233,51.8138623
90.24232035546648,-490.4243245,51.8303402
91.7052769706567,-491.7742464,51.8471174
93.17823997031502,-493.1131613,51.8638544
94.66110454160446,-494.4409774,51.8796454
96.15375058048886,-495.7576375,51.8937969
97.6561946370962,-497.0631451,51.9065735
99.1682555182676,-498.3572887,51.9169461
100.68989084044212,-499.6399728,51.92496
102.22117114591036,-500.9111916,51.9313676
103.76191414221331,-502.1707292,51.9355523
105.31203783018731,-503.4184618,51.9378814
106.87163891293753,-504.6544162,51.9391674
108.44052509858878,-505.8783964,51.939244
110.01855685107138,-507.0902635,51.9386044
111.60584748236327,-508.290083,51.9377617
113.20219855700991,-509.477691,51.9368621
114.80741219529709,-510.6529409,51.9365305
116.42161157633728,-511.8159314,51.9367825
118.04459808333623,-512.9665348,51.9379137
119.67612462892805,-514.1046037,51.9406539
121.31631722757778,-515.2302604,51.9444662
122.9649829595412,-516.3434099,51.9496311
124.62184262090979,-517.4439094,51.9567634
126.28701913601385,-518.531888,51.9649363
127.96033286441956,-519.6072719,51.9742948
129.64149654586666,-520.6699218,51.9850281
131.33062628558443,-521.7199499,51.9962605
133.02756202037483,-522.7572859,52.0079921
134.7320356757131,-523.7817902,52.0198937
136.44414772762573,-524.7935377,52.0316122
138.16375651951373,-525.7924485,52.0430885
139.89063342237833,-526.7783898,52.0537056
141.6248508531018,-527.7513992,52.063745
143.36624885187913,-528.711403,52.0731674
145.1146843222557,-529.6583456,52.0814213
146.87011646786488,-530.5921578,52.0891361
148.63241680955846,-531.5127238,52.0963096
150.40158660362556,-532.4200205,52.1027339
152.1774579739624,-533.3139502,52.108978
153.95991148596707,-534.1944489,52.1150508
155.74896771583818,-535.0615259,52.1212425
157.5444111775859,-535.9150828,52.1277583
159.34612021334925,-536.7550757,52.1346068
161.15412668783756,-537.581538,52.1425316
162.96819153380562,-538.3943869,52.1513185
164.78818709536705,-539.1936003,52.1609372
166.6141377568148,-539.9792295,52.1724484
168.44580162745453,-540.751219,52.1853014
170.28304704328568,-541.5095705,52.1993889
172.12587243845027,-542.2543467,52.2159414
173.9740516776865,-542.9855268,52.2342212
175.82745515361594,-543.7031384,52.254023
177.68603767579404,-544.4072491,52.2766588
179.5496027785024,-545.0978762,52.3013539
181.418033745119,-545.7750758,52.3277922
183.29122617210538,-546.4389146,52.3573334
185.1690202266617,-547.0894472,52.3892324
187.0513294779546,-547.7267592,52.4230354
188.93797660959387,-548.35091,52.460042
190.82883973332758,-548.9619812,52.4994793
192.7238866644908,-549.5600832,52.5407431
194.622859348514,-550.1452528,52.584788
196.52567149093517,-550.7175756,52.6307442
198.43237072654844,-551.2771624,52.6779763
200.34262837914147,-551.8239685,52.7268343
202.2563737414025,-552.3579562,52.776508
204.17385264689085,-552.8792816,52.8266045
206.09453476156824,-553.3879305,52.876999
208.01837589415064,-553.883961,52.9272499
209.9456843552268,-554.3674859,52.9773518
211.87589568332058,-554.8383842,53.0271366
213.80897996087734,-555.2966706,53.0765931
215.7452991807126,-555.7424419,53.1258077
217.6842654457556,-556.1755698,53.174627
219.6258485595478,-556.5960555,53.2230506
221.57041937359324,-557.0039823,53.27121
223.51738968607145,-557.3992317,53.3189747
225.46674131775006,-557.7818111,53.3663726
227.4188123381579,-558.1517943,53.4135257
229.3730349978205,-558.5090828,53.4603067
231.32941843639142,-558.8536913,53.5067352
233.2882333720619,-559.1856764,53.5529263
235.24895774773847,-559.5049595,53.5987483
237.2116329919275,-559.8115608,53.644232
239.17643524928056,-560.1055177,53.6894861
241.1429173646919,-560.3867746,53.7343776
243.11114272449925,-560.6553542,53.7789503
245.08117590908324,-560.9112765,53.8233026
247.05267953978355,-561.1545096,53.8672986
249.0257126341884,-561.3850744,53.9109959
251.00022214730058,-561.6029763,53.9544814
252.97601922587884,-561.8082064,53.9976151
254.95312116434891,-562.0007792,54.0404695
256.9313536169297,-562.1806877,54.0831206
258.9107194793112,-562.3479389,54.1254288
260.89118072424594,-562.5025257,54.1676367
262.87241792720454,-562.6443514,54.2098102
264.8547192399968,-562.7734096,54.2521058
266.83776578229396,-562.8899029,54.2946919
268.8211359554183,-562.9940419,54.3375492
270.80549804395184,-563.0860869,54.3811205
272.7902855949652,-563.1662842,54.4254377
274.7751790905491,-563.2349881,54.4703949
276.76082642626704,-563.2926857,54.5167424
278.7466392308651,-563.3399539,54.5642112
280.7323533517733,-563.3775268,54.6125962
282.71860668142335,-563.4062885,54.6626348
284.7048399204945,-563.4272439,54.7136521
286.6908628608474,-563.4415006,54.7654122
288.6772667151187,-563.4502118,54.8181309
290.663590096358,-563.4544955,54.8711588
292.6496280145777,-563.4554741,54.9243833
294.6358890904393,-563.4542288,54.9776396
296.6219165537975,-563.4516811,55.0307281
298.6082609248823,-563.4482948,55.083663
300.5944032425951,-563.4442586,55.1362424
302.5806020964429,-563.4398463,55.1885401
304.56694168059624,-563.4352546,55.2406135
306.5530724088157,-563.4305931,55.2922971
308.53924000445613,-563.4259094,55.3436962
310.52554516854974,-563.4212096,55.3948727
312.51166819427345,-563.4164731,55.4456713
314.49782017291494,-563.4116625,55.4961932
316.4840833454392,-563.4067371,55.5464997
318.4702013920001,-563.4016574,55.5964396
320.45633542608175,-563.3963875,55.6461115
322.44256271159134,-563.3908964,55.6955747
324.42868891731393,-563.3851357,55.7446803
326.41488828093713,-563.3790079,55.7935278
328.4010148260759,-563.3725232,55.8421742
330.38715988481914,-563.365758,55.8904772
332.3732828798868,-563.3587524,55.9385297
334.3593642027253,-563.3515282,55.9863857
336.34549123740965,-563.3440997,56.0339025
338.33160295475426,-563.336485,56.0811745
340.3176733943778,-563.3287027,56.1282538
342.30378577148497,-563.3207715,56.1750001
344.2898847243202,-563.3127109,56.221507
346.2759483703316,-563.3045405,56.2678249
348.26204900203834,-563.296279,56.3138162
350.2481383159358,-563.2879457,56.359573
352.23419801058037,-563.2795598,56.4051443
354.2202901510942,-563.2711397,56.4503953
356.20637309443765,-563.2627046,56.4954165
358.19243192122775,-563.2542733,56.5402557
360.1785187669964,-563.2458646,56.5847808
362.1645986488096,-563.2374978,56.6290805
364.1506597310231,-563.229192,56.6732016
366.1367445174961,-563.2209663,56.7170149
368.122824585807,-563.2128406,56.7606067
370.1088909851899,-563.2048344,56.8040233
372.09497728311953,-563.1969676,56.8471382
374.08106072350097,-563.1892609,56.8900355
376.06713563778925,-563.1817352,56.9327608
378.05322655786193,-563.1744123,56.9751903
380.03931659289395,-563.1673154,57.0174056
382.02540325783485,-563.1604693,57.059452
384.0115023479056,-563.1539008,57.101208
385.99760184567947,-563.1476401,57.1427528
387.9837020552733,-563.1417249,57.1841313
389.9698097416394,-563.1361989,57.2252239
391.9559206458373,-563.1311064,57.2661068
393.94204461911414,-563.1264962,57.3068247
395.92816857044676,-563.122425,57.3472588
397.91430027835355,-563.1189643,57.3874825
399.9004404764006,-563.1161969,57.4275405
401.8865841455124,-563.114217,57.4673118
403.8727355160532,-563.113132,57.506867
405.85889406153143,-563.1130617,57.5462519
407.8450579756176,-563.1141361,57.5853404
409.8312286429572,-563.1164945,57.6242037
411.8174034848057,-563.1202799,57.6628909
413.8035836062447,-563.1256338,57.7012746
415.7897670368867,-563.1326882,57.7394366
417.77594971727694,-563.1415532,57.7774293
419.7621348302917,-563.1523072,57.815148
421.748318780515,-563.1649771,57.8526912
423.73449594729243,-563.1795181,57.8901066
425.7206745655489,-563.1957988,57.9273406
427.706852458592,-563.2135669,57.9644647
429.69302257436453,-563.2324209,58.0014958
431.6792077358163,-563.2517961,58.0383362
433.66540784651136,-563.2709198,58.0748546
435.65161159016793,-563.2888023,58.11103
437.63786249225063,-563.3042564,58.1462394
439.6241435645989,-563.3159028,58.1800587
441.6104354741694,-563.3222659,58.2126333
443.5967619954414,-563.3218541,58.2424149
445.58305387702245,-563.313265,58.2695114
447.5693029132048,-563.295282,58.2944984
449.55542317393844,-563.2668839,58.315753
451.5413444264628,-563.2272656,58.3296711
453.52704484317184,-563.1758409,58.3371302
455.5123350990987,-563.1122098,58.330503
457.4971241212761,-563.0361173,58.3163485
459.4815928086457,-562.9473741,58.2970414
461.46526637045093,-562.845865,58.271299
463.44820822137524,-562.7314875,58.2407574
465.4306564283169,-562.6043481,58.2060929
467.4118515800224,-562.4648334,58.1625684
469.39210192180906,-562.3133822,58.1115628
471.3724149481791,-562.1496145,58.0548907
473.3507850043372,-561.9730598,57.988451
475.32840437244874,-561.7834777,57.9155874
477.3047254828541,-561.580861,57.8379362
479.2795877370033,-561.3651757,57.7527564
481.25320815423675,-561.1363386,57.6636181
483.2245483795764,-560.8942331,57.5714553
485.19503976343725,-560.6384379,57.4751286
487.1635336911839,-560.3692711,57.3771519
489.1291628106017,-560.087023,57.2778963
491.09428967180304,-559.7914051,57.1773949
493.0569343296891,-559.4826812,57.0767366
495.0164523312553,-559.1609811,56.976003
496.9751853966684,-558.8257596,56.8756596
498.93069215348334,-558.4766551,56.7757942
500.8832601821615,-558.113308,56.6763554
502.83374053589273,-557.735832,56.5777552
504.7814013401683,-557.3449883,56.4796874
506.726707673983,-556.9409037,56.3820263
508.6689747082559,-556.5236114,56.2849033
510.6083700537378,-556.0930275,56.1880288
512.5453705977825,-555.6493276,56.0913089
514.4790784159733,-555.1930543,55.9946996
516.4099224473337,-554.7240101,55.898029
518.3374730328545,-554.2419137,55.8012911
520.2616222645514,-553.746414,55.7043837
522.1823083623658,-553.2374846,55.6073136
524.0994117416346,-552.7151241,55.5101279
526.012834246172,-552.1793063,55.4127704
527.9224906493715,-551.630015,55.3153128
529.8282029405423,-551.0672599,55.217805
531.7299457836494,-550.4910047,55.1202656
533.6276171539973,-549.9012364,55.0227784
535.5209936401695,-549.2979812,54.9253534
537.4100887384047,-548.6811911,54.8280657
539.2948050856628,-548.0508524,54.7309805
541.1748773510388,-547.4070099,54.6340518
543.0503389873504,-546.749608,54.5373766
544.9211128887908,-546.0786274,54.4409972
546.786893397846,-545.3941332,54.3448209
548.647719520904,-544.6960669,54.2489372
550.5035458313467,-543.9843988,54.1533765
552.3540300237729,-543.259215,54.0580219
554.1992039453403,-542.5204593,53.9629439
556.0390608983419,-541.7680872,53.8681825
557.8732284894455,-541.0022057,53.7736205
559.7017203822139,-540.2227654,53.6793172
561.5245710880982,-539.4297041,53.5853684
563.3413856777004,-538.6231482,53.491663
565.152154566867,-537.8030578,53.3982719
566.9569476121026,-536.9693528,53.3054412
568.7553582782705,-536.1221769,53.2130272
570.547343665631,-535.2614829,53.1211293
572.3329285430227,-534.3871596,53.030303
574.1117750882271,-533.4993185,52.9402609
575.8838995703231,-532.597935,52.8511138
577.6491860110679,-531.6830652,52.7639274
579.4074874825417,-530.7547442,52.6780533
581.1587133452435,-529.8129706,52.5935451
582.9026879697611,-528.8577943,52.5120992
584.6393403852965,-527.8892096,52.4324883
586.368576586633,-526.9072255,52.3547255
588.0901646613167,-525.9119342,52.2807443
589.8040875700776,-524.9033105,52.2089567
591.5102532162479,-523.8813759,52.1392556
593.2084115576699,-522.846255,52.0732964
594.8985660387997,-521.7979276,52.009486
596.5806388032325,-520.736429,51.9476293
598.2543859222909,-519.6619084,51.8894447
599.9198125704153,-518.5743653,51.834965
601.5768582095006,-517.4738448,51.784061
603.2252986231581,-516.3605086,51.7414741
604.8651284037418,-515.2343807,51.7077523
606.4963056315966,-514.0955179,51.6816211
608.1186409158902,-512.944094,51.6696373
609.7321260625425,-511.7801753,51.6685297
611.336750148669,-510.6038522,51.6740367
612.9323803166819,-509.4153244,51.6855099
614.5190163463445,-508.2147073,51.7000493
616.0966614832676,-507.002107,51.7164493
617.6652093851571,-505.7777007,51.7349186
619.2246282000193,-504.5415859,51.7538239
620.7748809474635,-503.2938315,51.7725411
622.3158496169333,-502.0345457,51.7902279
623.8474657708774,-500.7637757,51.8057323
625.36962937809,-499.4815772,51.8195432
626.8822104691543,-498.1879993,51.8307116
628.3850964406897,-496.883034,51.8388428
629.8781303744105,-495.5667289,51.8451091
631.3612096521516,-494.2390975,51.8489592
632.8342245252063,-492.9001661,51.8504943
634.2970304495915,-491.5500046,51.8508676
635.749531519777,-490.1886505,51.8499382
637.191640489306,-488.8161457,51.8481273
638.6232285821862,-487.4325856,51.8461228
640.0442157607114,-486.0380328,51.8440501
641.4545386826849,-484.6325465,51.8426552
642.8540877232522,-483.216246,51.8419626
644.2428007015275,-481.7892165,51.8422033
645.6206367909157,-480.3515333,51.8444019
646.9875071011425,-478.903334,51.8478645
648.343365908164,-477.4447207,51.8527739
649.6881877401336,-475.9757817,51.8601093
651.021900736522,-474.4966604,51.8686487
652.3444669556953,-473.0074644,51.8784427
653.6558589624157,-471.5082866,51.8899128
654.9560103454564,-469.999257,51.9018903
656.2448754911136,-468.4804716,51.9143511
657.5224021183661,-466.9520228,51.9269016
658.7885193731971,-465.4140095,51.9391007
660.0431645999289,-463.8665086,51.9509309
661.2862501377581,-462.3096157,51.9615444
662.5177032666476,-460.7433977,51.9712891
663.7374491707292,-459.1679181,51.9802114
664.9453740809525,-457.5832863,51.9875744
666.1414083154442,-455.989551,51.9940567
667.3254799099457,-454.3867625,51.9997827
668.4974592635876,-452.7750572,52.0044042
669.657305701283,-451.1544723,52.0085367
670.8049472498608,-449.5250899,52.012313
671.9402804532623,-447.8870413,52.0157958
673.0632602238269,-446.2403843,52.0193702
674.1738232804256,-444.5852132,52.0230866
675.2718981522592,-442.921644,52.0273034
676.3574415267923,-441.2497621,52.0321665
677.4304003186191,-439.5696772,52.0375795
678.4907306788402,-437.8814936,52.0440164
679.5383951214703,-436.1853138,52.0514373
680.5733469804911,-434.4812626,52.0595939
681.5955620780196,-432.7694336,52.0688966
682.6050091238774,-431.0499355,52.0791978
683.6016420986928,-429.3229056,52.0901701
684.5854464559458,-427.588428,52.1020693
685.556395779304,-425.8466072,52.1147436
686.5144392228594,-424.0975913,52.1278992
687.4595653147697,-422.3414573,52.1416759
688.3917523941125,-420.5782992,52.1560339
689.3109454858946,-418.8082762,52.1707708
690.2171353121952,-417.0314632,52.1860194
691.1103098374301,-415.247943,52.2019572
691.9904168237391,-413.4578871,52.2184099
692.8574543797301,-411.6613753,52.2355875
693.7114280594184,-409.858482,52.253985
694.5522991065053,-408.0493917,52.2732881
695.3800815860651,-406.2341942,52.2937935
696.1948058239965,-404.4129622,52.3164057
696.9964582726019,-402.5858896,52.3404611
697.7850773174769,-400.7530785,52.3662796
698.5607205735242,-398.9146089,52.3951941
699.3234086258074,-397.0706745,52.4260174
700.0732070569202,-395.2213861,52.4589866
700.8101927592855,-393.3668438,52.495668
701.5344201920728,-391.5072214,52.5343362
702.2459720561147,-389.6426269,52.5750667
702.9449199128584,-387.7731969,52.6191687
703.6313356866214,-385.8990548,52.664718
704.3052954736555,-384.0202897,52.7116896
704.9668289623154,-382.1370918,52.7605552
705.6160033646213,-380.2495057,52.8099673
706.2528651669091,-378.3575936,52.8598785
706.8773864787315,-376.4616019,52.9100579
707.489617974093,-374.5615024,52.9600966
708.0895812737512,-372.6573235,53.0099953
708.6772049596422,-370.7493762,53.0595337
709.2525361591507,-368.8375807,53.1088089
709.8155921862713,-366.9219246,53.1578491
710.3662714441989,-365.0027891,53.2064394
710.904614087763,-363.0800607,53.2547094
711.4306429209066,-361.1536729,53.3027173
711.9442403081719,-359.2240808,53.350296
712.4454491551826,-357.2911602,53.3975638
712.9343101293244,-355.3547746,53.4445874
713.4106968357673,-353.4154567,53.4912139
713.8746485165145,-351.4730863,53.5375242
714.3262225361199,-349.5274377,53.5835947
714.7652816761504,-347.5791264,53.6292798
715.1918607400329,-345.628042,53.6746447
715.6060046108121,-343.6738615,53.7197747
716.0075077279045,-341.7172736,53.7645338
716.3963116918628,-339.7581664,53.8089729
716.7725679611722,-337.7960666,53.8531827
717.1362124245004,-335.8318786,53.897031
717.48730676968,-333.8654154,53.9405658
717.8259280480702,-331.8962867,53.9838792
718.1519465095434,-329.9253044,54.0268416
718.4654096466477,-327.9522623,54.0695016
718.7663715018167,-325.9768723,54.1119488
719.0547368688723,-323.9998347,54.1540537
719.3305521264779,-322.0209387,54.1958715
719.5938478996185,-320.0400469,54.2374854
719.8445683474507,-318.0576825,54.2787651
720.0827509148205,-316.0736672,54.3197758
720.308408357689,-314.0880315,54.3605917
720.521505823621,-312.1010526,54.4010813
720.7219943657991,-310.1126187,54.4413194
720.909824165778,-308.122992,54.4813706
721.0850305108244,-306.1320819,54.5211019
721.2476762808433,-304.1400427,54.5606398
721.3977834832746,-302.1471325,54.6000594
721.5353966045001,-300.1530649,54.63942
721.6605493493436,-298.1581375,54.6788872
721.7733084883823,-296.162654,54.7184714
721.8738139754182,-294.1661682,54.7584511
721.9622044190493,-292.1691142,54.7989034
722.0386887902667,-290.1718018,54.8397768
722.1035724600677,-288.1736574,54.8816538
722.157206922603,-286.1752348,54.9244226
722.2000633123811,-284.1767969,54.9679534
722.2327421078949,-282.1777121,55.0130432
722.2559658679071,-280.1786267,55.0592494
722.2707321530077,-278.1796938,55.1063649
722.2781658304465,-276.1804158,55.1549922
722.2792212370186,-274.1811999,55.2043935
722.2749039533925,-272.1818615,55.2543733
722.2662762595402,-270.1825558,55.3049968
722.2543901348531,-268.1832494,55.3557463
722.2401828092892,-266.1839177,55.406558
722.2244528351758,-264.1846284,55.4572318
722.2078327647151,-262.1853325,55.5076924
722.1908042660525,-260.1860092,55.5579713
722.1737168682955,-258.1867238,55.6078825
722.1567931986507,-256.1874283,55.6575294
722.1401645900017,-254.1881043,55.7069633
722.1238923854506,-252.1888137,55.7560292
722.107981781972,-250.1895134,55.8048414
722.0924066535132,-248.1901867,55.85345
722.0771214937926,-246.1908908,55.9017062
722.0620708401882,-244.1915866,55.9497147
722.0471997313393,-242.192259,55.9975245
722.0324570768747,-240.1929597,56.0449894
722.0177990766955,-238.1936535,56.0922101
722.0031909775552,-236.1943265,56.1392358
721.9886062503068,-234.1950252,56.1859238
721.9740265856205,-232.1957178,56.2323721
721.9594401302516,-230.1963924,56.2786296
721.9448407358942,-228.1970894,56.3245571
721.9302258414704,-226.1977814,56.37025
721.9155960465791,-224.1984577,56.4157564
721.9009536485819,-222.199153,56.4609406
721.8863014932451,-220.199845,56.5058951
721.8716425783243,-218.2005224,56.5506673
721.8569772042911,-216.2012149,56.5951244
721.84229696956,-214.2018963,56.6393566
721.8276040107925,-212.202582,56.6834107
721.812907946532,-210.2032685,56.7271571
721.7982147373066,-208.2039563,56.7706836
721.7835262742115,-206.2046469,56.8140356
721.7688422263839,-204.2053334,56.8570864
721.7541623211175,-202.2060205,56.8999216
721.7394858833023,-200.2067107,56.9425861
721.7248121001636,-198.207397,56.9849557
721.7101400184113,-196.2080839,57.0271141
721.6954686805391,-194.2087737,57.0691053
721.6807971935433,-192.2094599,57.1108079
721.6661246200395,-190.2101466,57.1523035
721.6514502195292,-188.2108361,57.1936353
721.636773117926,-186.2115221,57.2346847
721.6220925956277,-184.2122087,57.2755311
721.6074080292739,-182.2128979,57.3162171
721.5927188642379,-180.2135838,57.3566266
721.5780245983568,-178.2142702,57.396837
721.5633247278936,-176.2149591,57.4368901
721.5486189188442,-174.2156449,57.4766727
721.5339066890234,-172.2163312,57.5162599
721.5191877539871,-170.2170198,57.5556931
721.5044618029614,-168.2177055,57.5948613
721.4897284748448,-166.2183918,57.6338379
721.4749876051371,-164.2190801,57.6726635
721.4602389084416,-162.2197658,57.7112296
721.4454820444232,-160.2204519,57.7496076
721.4307169725779,-158.22114,57.7878376
721.4159433321406,-156.2218256,57.8258135
721.4011611052113,-154.2225116,57.8636048
721.3863700764392,-152.2231995,57.901251
721.3715700109259,-150.2238851,57.9386483
721.3567609153355,-148.2245711,57.9758644
721.3419426982517,-146.2252587,58.0129382
721.3271152533747,-144.2259443,58.0497681
721.3122784130717,-142.2266302,58.0864201
721.2974322125564,-140.2273176,58.1229325
721.2825766734146,-138.2280031,58.1592061
721.2677117555153,-136.228689,58.1953049
721.2528375209134,-134.2293762,58.2312668
721.2379538227157,-132.2300617,58.2669947
721.2230609471175,-130.2307475,58.3025508
721.2081588867011,-128.2314346,58.3379728
721.1932476244842,-126.2321201,58.3731653
721.1783274760991,-124.2328058,58.4081892
721.1633983653787,-122.2334927,58.4430814
721.1484606066422,-120.2341782,58.4777488
721.1335142475156,-118.2348639,58.5122504
721.1185595415261,-116.2355506,58.5466228
721.1035966382892,-114.2362361,58.5807749
721.0886258164177,-112.2369218,58.614764
721.073647262638,-110.2376084,58.6486264
721.0586612607572,-108.2382939,58.6822728
721.0436681224606,-106.2389795,58.715759
721.0286680689426,-104.2396659,58.7491208
721.0136614203645,-102.2403514,58.7822708
720.9986485231726,-100.2410371,58.8152635
720.983629732232,-98.2417234,58.8481339
720.9686054052386,-96.2424089,58.8807967
720.9535759240226,-94.2430945,58.9133048
720.9385416802224,-92.2437806,58.9456929
720.9235032698995,-90.2444662,58.9778775
720.9084617104913,-88.2451523,59.0099098
720.8934174247953,-86.245838,59.0418244
720.8783705569288,-84.2465238,59.0735394
720.8633212602992,-82.2472095,59.1051046
720.8482699005502,-80.2478949,59.1365542
720.8332169607772,-78.2485807,59.167808
720.81816322992,-76.2492664,59.1989146
720.8031090138209,-74.2499518,59.2299076
720.7880550343921,-72.2506375,59.2607086
720.7730018231931,-70.2513232,59.2913647
720.7579500245172,-68.2520085,59.3219093
720.7429004022812,-66.2526942,59.3522655
720.727853627813,-64.2533798,59.3824792
720.7128101891615,-62.2540652,59.4125833
720.697771089076,-60.2547508,59.4425026
720.6827370423294,-58.2554364,59.4722816
720.6677086776207,-56.2561217,59.5019531
720.6526870410337,-54.2568073,59.5314431
720.6376728892496,-52.2574929,59.5607951
720.6226669931865,-50.2581782,59.5900413
720.6076704416736,-48.2588638,59.6191094
720.5926841333624,-46.2595493,59.6480418
720.5777089828144,-44.2602346,59.6768701
720.5627460212161,-42.2609201,59.7055235
720.5477961913566,-40.2616056,59.7340432
720.5328605500762,-38.2622909,59.7624606
720.5179401717271,-36.2629764,59.790706
720.5030361419316,-34.2636619,59.8188195
720.4881493608261,-32.2643471,59.8468323
720.473281046041,-30.2650325,59.8746755
720.4584320277104,-28.265718,59.9023865
720.4436036470802,-26.2664032,59.9297019
720.4287966661774,-24.2670886,59.9552502
720.4140123559893,-22.267774,59.9752112
720.3992515031684,-20.2684592,59.9906606
720.3845151108177,-18.2691446,59.9975828
720.3698042925872,-16.26983,59.9999734
720.3551199760657,-14.2705151,59.9999954
720.3404631071407,-12.2712005,59.9999912
720.3258346407156,-10.2718859,59.9999897
720.3112354454736,-8.272571,59.9999897
720.2966665071946,-6.2732563,59.9999897
720.2821286218754,-4.2739416,59.9999897
720.2676227984944,-2.2746268,59.9999897
720.2531498609607,-0.2753121,59.9999897
720.2387107440895,1.7240026,59.9999897
720.2243061952422,3.7233175,59.9999897
720.2099373759925,5.7226322,59.9999897
720.1956050580895,7.7219469,59.9999897
720.1813102246367,9.7212618,59.9999897
720.167053873327,11.7205765,59.9999897
720.1528371100551,13.7198912,59.9999897
720.1386610518894,15.7192061,59.9999897
720.1245266301738,17.7185208,59.9999897
720.1104352827384,19.7178355,59.9999897
720.0963880591942,21.7171503,59.9999897
720.0823862201248,23.716465,59.9999897
720.0684312334602,25.7157798,59.9999897
720.0545244781873,27.7150946,59.9999897
720.0406673423304,29.7144093,59.9999897
720.0268613214531,31.713724,59.9999897
720.0131080187962,33.7130389,59.9999897
719.9994090483555,35.7123536,59.9999897
719.9857659291242,37.7116683,59.9999897
719.9721805869399,39.7109831,59.9999897
719.95865445678,41.7102978,59.9999897
719.9451893777879,43.7096125,59.9999897
719.9317872944013,45.7089274,59.9999897
719.9184497599396,47.7082421,59.9999897
719.9051786294482,49.7075568,59.9999897
719.8919757629437,51.7068716,59.9999897
719.8788428256831,53.7061864,59.9999897
719.8657817858892,55.7055011,59.9999897
719.852794313582,57.704816,59.9999897
719.8398820842127,59.7041307,59.9999897
719.8270469718445,61.7034455,59.9999897
719.8142904538253,63.7027604,59.9999897
719.8016143090457,65.7020751,59.9999897
719.7890201144506,67.7013899,59.9999897
719.7765093480075,69.7007048,59.9999897
719.7640835873638,71.7000196,59.9999897
719.751744307135,73.6993345,59.9999897
719.7394927812157,75.6986494,59.9999897
719.7273303805218,77.6979642,59.9999897
719.7152583714909,79.6972791,59.9999897
719.7032780176287,81.696594,59.9999897
719.6913904774335,83.6959089,59.9999897
719.6795969043699,85.6952237,59.9999897
719.6678983444908,87.6945387,59.9999897
719.6562959392077,89.6938536,59.9999897
719.644790521392,91.6931685,59.9999897
719.6333831159772,93.6924834,59.9999897
719.6220748390452,95.6917983,59.9999897
719.6108663976346,97.6911132,59.9999897
719.5997588879231,99.6904282,59.9999897
719.5887530965567,101.6897431,59.9999897
719.577849997473,103.689058,59.9999897
719.5670505527481,105.6883729,59.9999897
719.5563557115626,107.6876878,59.9999897
719.5457664095047,109.6870027,59.9999897
719.5352836678003,111.6863176,59.9999897
719.5249084929949,113.6856324,59.9999897
719.5146420749384,115.6849473,59.9999897
719.5044852882266,117.6842622,59.9999897
719.494439589715,119.6835771,59.9999897
719.4845059191318,121.6828919,59.9999897
719.4746857966119,123.6822068,59.9999897
719.4649803245369,125.6815216,59.9999897
719.4553909845004,127.6808364,59.9999897
719.4459192377127,129.6801513,59.9999897
719.4365664251055,131.6794661,59.9999897
719.4273341649777,133.6787809,59.9999897
719.4182239535527,135.6780957,59.9999897
719.4092373639891,137.6774105,59.9999897
719.4003759457905,139.6767253,59.9999897
719.3916415240753,141.6760401,59.9999897
719.3830355991831,143.6753549,59.9999897
719.3745597457176,145.6746698,59.9999897
719.36621571273,147.6739846,59.9999897
719.358005122027,149.6732994,59.9999897
719.3499295683765,151.6726142,59.9999897
719.3419904187898,153.671929,59.9999897
719.3341894116711,155.6712439,59.9999897
719.3265277570024,157.6705588,59.9999897
719.3190070352617,159.6698736,59.9999897
719.3116283966533,161.6691885,59.9999897
719.3043930613119,163.6685035,59.9999897
719.2973020188206,165.6678184,59.9999897
719.2903562270412,167.6671333,59.9999897
719.2835567121338,169.6664483,59.9999897
719.2769042685113,171.6657632,59.9999897
719.2703994576186,173.6650782,59.9999897
719.2640427082622,175.6643933,59.9999897
719.2578345162666,177.6637082,59.9999897
719.2517749432596,179.6630233,59.9999897
719.2458642175432,181.6623384,59.9999897
719.2401023331514,183.6616534,59.9999897
719.2344889495033,185.6609685,59.9999897
719.2290238915735,187.6602836,59.9999897
719.2237067494032,189.6595987,59.9999897
719.2185368779806,191.6589138,59.9999897
719.2135137970384,193.658229,59.9999897
719.2086367910766,195.657544,59.9999897
719.2039049089084,197.6568592,59.9999897
719.1993174639476,199.6561744,59.9999897
719.1948733339079,201.6554894,59.9999897
719.1905717607833,203.6548046,59.9999897
719.1864115509032,205.6541198,59.9999897
719.1823917748318,207.6534348,59.9999897
719.1785113675224,209.6527499,59.9999897
719.1747693282817,211.6520651,59.9999897
719.1711647207322,213.6513801,59.9999897
719.167696473229,215.6506952,59.9999897
719.1643638786381,217.6500103,59.9999897
719.1611658945285,219.6493252,59.9999897
719.1581019437634,221.6486403,59.9999897
719.1551712139237,223.6479553,59.9999897
719.1523732580748,225.6472702,59.9999897
719.1497074950236,227.6465852,59.9999897
719.1471734091449,229.6459002,59.9999897
719.1447710507089,231.645215,59.9999897
719.1424999368741,233.6445299,59.9999897
719.1403601510235,235.6438448,59.9999897
719.1383516435026,237.6431596,59.9999897
719.1364747323067,239.6424745,59.9999897
719.1347295027813,241.6417894,59.9999897
719.1331163081314,243.6411041,59.9999897
719.131635570876,245.640419,59.9999897
719.1302877813971,247.6397338,59.9999897
719.129073399817,249.6390485,59.9999897
719.1279929563649,251.6383633,59.9999897
719.1270471511668,253.6376782,59.9999897
719.1262365545458,255.6369929,59.9999897
719.1255616093669,257.6363078,59.9999897
719.1250230288891,259.6356226,59.9999897
719.1246211995028,261.6349374,59.9999897
719.1243565804548,263.6342523,59.9999897
719.1242296040041,265.6335672,59.9999897
719.1242402765437,267.632882,59.9999897
719.1243889798303,269.632197,59.9999897
719.1246755696909,271.6315119,59.9999897
719.1250998789565,273.6308269,59.9999897
719.1256615163453,275.6301419,59.9999897
719.1263600682097,277.629457,59.9999897
719.1271946981501,279.628772,59.9999897
719.1281644493388,281.6280871,59.9999897
719.1292683436146,283.6274023,59.9999897
719.1305049826256,285.6267175,59.9999897
719.1318727489739,287.6260327,59.9999897
719.133369806959,289.625348,59.9999897
719.1349943019974,291.6246632,59.9999897
719.1367440635706,293.6239785,59.9999897
719.1386165040046,295.6232938,59.9999897
719.1406091203136,297.6226092,59.9999897
719.1427190936867,299.6219245,59.9999897
719.1449436920805,301.6212399,59.9999897
719.1472795693408,303.6205553,59.9999897
719.1497237663368,305.6198707,59.9999897
719.1522729120578,307.6191861,59.9999897
719.1549237238879,309.6185015,59.9999897
719.1576726087034,311.6178169,59.9999897
719.160516262988,313.6171323,59.9999897
719.1634511740262,315.6164477,59.9999897
719.1664741200677,317.6157631,59.9999897
719.169581471407,319.6150784,59.9999897
719.1727701910378,321.6143937,59.9999897
719.1760371349997,323.613709,59.9999897
719.1793791532982,325.6130243,59.9999897
719.1827934896635,327.6123395,59.9999897
719.1862774836852,329.6116547,59.9999897
719.1898286697703,331.6109698,59.9999897
719.1934447793009,333.6102849,59.9999897
719.1971239397726,335.6096,59.9999897
719.2008643757679,337.608915,59.9999897
719.2046646104612,339.60823,59.9999897
719.2085234645461,341.6075449,59.9999897
719.2124399585703,343.6068598,59.9999897
719.216413611341,345.6061746,59.9999897
719.220443942905,347.6054894,59.9999897
719.2245309730084,349.6048042,59.9999897
719.2286747228388,351.604119,59.9999897
719.2328756144199,353.6034337,59.9999897
719.2371343725507,355.6027484,59.9999897
719.2414518238991,357.602063,59.9999897
719.2458288996913,359.6013777,59.9999897
719.2502668331523,361.6006924,59.9999897
719.2547668618353,363.600007,59.9999897
719.2593303292633,365.5993217,59.9999897
719.2639587820004,367.5986363,59.9999897
719.2686535745306,369.597951,59.9999897
719.2734161659047,371.5972657,59.9999897
719.2782479228721,373.5965805,59.9999897
719.2831501184615,375.5958953,59.9999897
719.2881238340162,377.5952101,59.9999897
719.2931702589545,379.594525,59.9999897
719.2982898915513,381.5938399,59.9999897
719.3034835389892,383.5931549,59.9999897
719.30875131861,385.59247,59.9999897
719.3140933566841,387.5917851,59.9999897
719.3195091911718,389.5911002,59.9999897
719.3249982714035,391.5904155,59.9999897
719.3305594567428,393.5897308,59.9999897
719.3361914193677,395.5890462,59.9999897
719.3418923429224,397.5883616,59.9999897
719.3476601243117,399.5876771,59.9999897
719.3534920733337,401.5869927,59.9999897
719.3593854116647,403.5863083,59.9999897
719.3653366757436,405.5856239,59.9999897
719.3713423154528,407.5849396,59.9999897
719.3773981947437,409.5842554,59.9999897
719.3835000904995,411.5835712,59.9999897
719.3896433946021,413.582887,59.9999897
719.3958231136659,415.5822028,59.9999897
719.4020343677829,417.5815186,59.9999897
719.4082717929513,419.5808345,59.9999897
719.4145300377369,421.5801503,59.9999897
719.4208037664522,423.5794661,59.9999897
719.427087457844,425.5787819,59.9999897
719.4333758044813,427.5780977,59.9999897
719.4396635129266,429.5774134,59.9999897
719.4459453053568,431.5767291,59.9999897
719.452216415956,433.5760447,59.9999897
719.458471994394,435.5753602,59.9999897
719.4647078035913,437.5746757,59.9999897
719.4709197197683,439.5739911,59.9999897
719.4771042323391,441.5733064,59.9999897
719.4832582445215,443.5726217,59.9999897
719.4893790712085,445.5719368,59.9999897
719.4954646413508,447.5712518,59.9999897
719.5015133966566,449.5705668,59.9999897
719.5075243895934,451.5698816,59.9999897
719.5134973860671,453.5691963,59.9999897
719.5194324651706,455.568511,59.9999897
719.5253307150241,457.5678255,59.9999897
719.5311937375634,459.5671399,59.9999897
719.53702364687,461.5664543,59.9999897
719.5428232672806,463.5657686,59.9999897
719.5485959355675,465.5650828,59.9999897
719.5543456995539,467.5643969,59.9999897
719.5600769200098,469.563711,59.9999897
719.5657946679919,471.5630251,59.9999897
719.5715042271404,473.5623392,59.9999897
719.5772112928271,475.5616533,59.9999897
719.5829218719099,477.5609673,59.9999897
719.5886421856443,479.5602815,59.9999897
719.5943785647532,481.5595956,59.9999897
719.6001372564244,483.5589099,59.9999897
719.6059248168989,485.5582242,59.9999897
719.6117475179587,487.5575386,59.9999897
719.6176111456084,489.5568531,59.9999897
719.6235215981345,491.5561677,59.9999897
719.6294842889912,493.5554825,59.9999897
719.6355040461424,495.5547975,59.9999897
719.6415852111113,497.5541125,59.9999897
719.6477316425838,499.5534278,59.9999897
719.6539463128452,501.5527432,59.9999897
719.660231511096,503.5520588,59.9999897
719.6665885426172,505.5513746,59.9999897
719.6730180274933,507.5506905,59.9999897
719.6795193046972,509.5500066,59.9999897
719.686090927887,511.5493228,59.9999897
719.6927301701123,513.5486393,59.9999897
719.6994331192634,515.5479558,59.9999897
719.7061948823359,517.5472725,59.9999897
719.7130090834738,519.5465893,59.9999897
719.7198682642677,521.5459062,59.9999897
719.726763684088,523.5452232,59.9999897
719.733685220504,525.5445403,59.9999897
719.7406216679185,527.5438575,59.9999897
719.7475606369437,529.5431746,59.9999897
719.7544884578489,531.5424918,59.9999897
719.761390674683,533.541809,59.9999897
719.7682514494336,535.5411261,59.9999897
719.7750542597837,537.5404432,59.9999897
719.7817815983481,539.5397602,59.9999897
719.7884152722095,541.539077,59.9999897
719.7949365033305,543.5383937,59.9999897
719.8013258268745,545.5377102,59.9999897
719.8075633906849,547.5370264,59.9999897
719.8136290556554,549.5363424,59.9999897
719.8195022940378,551.5356581,59.9999897
719.8251625874128,553.5349732,59.9999897
719.8305897290446,555.534288,59.9999897
719.8357634201109,557.5336023,59.9999897
719.840664266763,559.5329158,59.9999897
719.8452733852203,561.5322288,59.9999897
719.849573291337,563.531541,59.9999897
719.8535477047354,565.5308522,59.9999897
719.8571826451869,567.5301627,59.9999897
719.8604662269079,569.529472,59.9999897
719.8633897587835,571.52878,59.9999897
719.865948242505,573.5280872,59.9999897
719.8681406624951,575.527393,59.9999897
719.8699710878889,577.5266973,59.9999897
719.8714497676199,579.5260007,59.9999897
719.8725930212919,581.5253026,59.9999897
719.8734246409393,583.5246031,59.9999897
719.8739772830612,585.5239029,59.9999897
719.8742918624367,587.5232015,59.9999897
719.8744197506838,589.5224993,59.9999897
719.8744235678366,591.5217968,59.9999897
719.8743767813522,593.5210941,59.9999897
719.8743656002961,595.5203918,59.9999897
719.8744893689402,597.5196902,59.9999897
719.8748604689988,599.5189898,59.9999897
719.8756051159619,601.5182915,59.9999897
719.8768644455786,603.517595,59.9999897
719.8787928334717,605.5169013,59.9999897
719.8815590802843,607.5162109,59.9999897
719.8853457116139,609.5155231,59.9999897
719.8903473968097,611.5148384,59.9999897
719.8967704407227,613.5141562,59.9999897
719.9048314924964,615.5134753,59.9999897
719.9147540669883,617.5127947,59.9999897
719.9267675373478,619.5121108,59.9999898
719.9411029824464,621.5114231,59.9999898
719.9579898707734,623.5107268,59.9999898
719.9776523842183,625.5100137,59.9999898
720.0003036128047,627.5092865,59.9999898
720.0261424570857,629.5085333,59.9999898
720.0553465276445,631.5077413,59.9999898
720.0880662774605,633.5069196,59.9999898
720.1244203959837,635.5060472,59.9999898
720.1644880112353,637.505109,59.9999898
720.2083004551599,639.5041236,59.9999897
720.2558364344738,641.5030624,59.9999897
720.3070127642729,643.5019141,59.9999896
720.3616731263198,645.5007077,59.9999895
720.4195843604515,647.4994138,59.9999894
720.4804238269636,649.4980354,59.9999893
720.5437677619718,651.4966069,59.9999892
720.609090928537,653.4951123,59.9999892
720.6757555748275,655.4935781,59.9999893
720.7430083718322,657.4920318,59.9999894
720.8099953676366,659.4904858,59.9999897
720.8757663723875,661.4889864,59.99999
720.9393002939573,663.4875354,59.9999904
720.9995415039693,665.4861747,59.9999907
721.0554279804237,667.4849369,59.9999908
721.1059559896219,669.4837784,59.9999907
721.1501800573922,671.4827648,59.9999901
721.1872095796472,673.4818531,59.9999889
721.2162517110037,675.481064,59.9999869
721.2366122904758,677.4803443,59.9999835
721.2477085446687,679.4796322,59.9999786
721.2490438897574,681.4789484,59.9999748
721.2401913935622,683.478194,59.9999752
721.2207923955618,685.4772757,59.9999799
721.1905434457689,687.476248,59.9999854
721.1491898777901,689.4749511,59.9999897
721.0965225124831,691.4732795,59.9999945
721.0323646805489,693.4713226,59.9999983
720.9565813983114,695.4688693,59.9999992
720.8690708045767,697.4658315,59.9967232
720.7697662503402,699.4622722,59.9915798
720.6587222234599,701.4579948,59.9840532
720.5361374897744,703.452786,59.9749141
720.4018468030289,705.4471646,59.9649437
720.2556590740804,707.4404992,59.954071
720.0974854009228,709.4328309,59.9416457
719.9272884326703,711.4242862,59.9259613
719.7450999137158,713.4144876,59.9013766
719.5509130382751,715.4035623,59.8654836
719.3447465190127,717.3913381,59.8219475
719.1266006709841,719.3777738,59.7663449
718.8964561138326,721.3629073,59.7016433
718.6543364722168,723.3463338,59.6314273
718.4001711886788,725.3283416,59.5541282
718.1339248392486,727.3087998,59.4733431
717.8556288690917,729.2872058,59.3907281
717.5651121081529,731.26405,59.3067279
717.2621598016054,733.238983,59.2230363
716.9465859755024,735.2115772,59.1397625
716.6182451592996,737.1822795,59.057668
716.2774488678315,739.1508138,58.9766048
715.9243141280335,741.1169192,58.89616
715.5587271962543,743.0808538,58.8163858
715.1806883312817,745.0423839,58.7364914
714.7902066776422,747.0012539,58.6562981
714.3872022667601,748.9576545,58.5751098
713.9716753647407,750.9114047,58.4924054
713.5436521720083,752.862229,58.4084802
713.1030610451971,754.8103093,58.3223311
712.6499014990558,756.7555011,58.2339706
712.1842230230624,758.6974708,58.1440389
711.705943457386,760.6364359,58.0516758
711.21505709241,762.5722903,57.9572682
710.7116862375185,764.5046124,57.8615307
710.1957646829412,766.4336883,57.7639698
709.6672650234212,768.3594048,57.6650761
709.1262567959512,770.2812574,57.565412
708.572585074397,772.1995911,57.4648444
708.0062551072677,774.1142683,57.3637802
707.427355874468,776.0248791,57.2625063
706.8357902598751,777.9316293,57.1610896
706.23154610367,779.8344351,57.0597846
705.6146971998171,781.7329485,56.9586179
704.9851730450753,783.6272726,56.857702
704.3429553888486,785.5173423,56.7571667
703.6880974106679,787.4028854,56.6568785
703.0205523170555,789.2839245,56.5569153
702.3403099569854,791.1603734,56.4573307
701.6473920096421,793.0320539,56.3579503
700.941768607184,794.8989304,56.2588079
700.2234466712514,796.7608712,56.1599215
699.492419857087,798.6177928,56.0611542
698.7486899078065,800.4695894,55.9625153
697.9922653648111,802.3161335,55.8640178
697.2231330679479,804.1573522,55.7655871
696.4412936820655,805.9931403,55.6672276
695.6467634809081,807.8233577,55.5689815
694.8395270551912,809.6479396,55.4708054
694.0195874651788,811.4667791,55.3727037
693.18696773609,813.2797276,55.2747672
692.3416514864581,815.0867234,55.1769368
691.4836443726748,816.8876584,55.0792136
690.6129734046435,818.6823811,54.981732
689.7296247907268,820.470827,54.884392
688.8336068795243,822.2528856,54.7871921
687.9249466180877,824.0284123,54.6902671
687.0036370536891,825.7973307,54.5935012
686.0696893316659,827.5595295,54.4968828
685.1231285526309,829.3148733,54.400524
684.1639557946108,831.063273,54.3043214
683.1921855952619,832.8046161,54.2082563
682.2078406115371,834.5387764,54.1124293
681.2109301569643,836.2656538,54.0167767
680.2014725541717,837.9851328,53.921278
679.1794880164765,839.6970966,53.8260764
678.14499290444,841.4014355,53.7311659
677.0980107149038,843.0980299,53.6365151
676.0385589138764,844.7867707,53.5423855
674.9666598263121,846.4675423,53.4488283
673.8823432114568,848.1402189,53.3557582
672.7856245792009,849.8046977,53.2635876
671.6765303397982,851.4608607,53.172456
670.5550984004232,853.1085744,53.0821977
669.4213437027482,854.7477409,52.9934884
668.2752948631131,856.3782434,52.9067078
667.1170000240288,857.9999403,52.8214413
665.9464758412039,859.612737,52.738619
664.7637527531241,861.2165231,52.658752
663.5688930182482,862.8111499,52.58098
662.3619200790052,864.396527,52.506242
661.1428676046529,865.9725571,52.434986
659.9118186416825,867.5390886,52.3659139
658.6688105855392,869.0960388,52.2996846
657.4138840342605,870.6433319,52.2365279
656.1471492001618,872.1808199,52.1750789
654.8686640025414,873.7084325,52.1156644
653.5784781644928,875.2261207,52.0586037
652.2767286737837,876.7337446,52.0030002
650.9634915778327,878.2312444,51.9491631
649.6388181496086,879.7185925,51.8988232
648.3028573182323,881.1956507,51.8513901
646.9556885088376,882.6623566,51.8074923
645.5973498808021,884.1186855,51.7721293
644.2279852824528,885.5644925,51.7429737
642.8476694453943,886.9997048,51.7206562
641.4564332685703,888.4242948,51.7121277
640.0544218207616,889.8381258,51.7099514
638.6417236838563,891.2411357,51.7140362
637.2183954390705,892.633309,51.7209244
635.7845906963372,894.0145452,51.7287593
634.340410200434,895.3847961,51.7375199
632.8859332441317,896.744023,51.7476066
631.4212793366512,898.0921241,51.7581163
629.9464988001507,899.4290855,51.7689694
628.4617620386541,900.7548021,51.7798935
626.9671206411265,902.0692488,51.7904879
625.4626354828994,903.3723747,51.8007402
623.9484722934686,904.6640282,51.8100582
622.4246526239106,905.9441756,51.8185337
620.8912134915792,907.2127638,51.8263013
619.3483300398427,908.4696236,51.832842
617.7960243044275,909.7147125,51.8385014
616.2343191151434,910.9479867,51.8435147
614.6633988720315,912.1692777,51.8476303
613.0833031997324,913.3785366,51.8512275
611.4940456286146,914.5757372,51.8545209
609.89581854839,915.7607242,51.8575336
608.2886888170314,916.9334439,51.8605802
606.6726625594213,918.0938915,51.8637395
605.0479361869862,919.2419304,51.8672162
603.4146072691482,920.3775028,51.8712369
601.7726738230949,921.5006239,51.8756852
600.1223316081952,922.6111767,51.8808154
598.4637074086492,923.7090978,51.8867484
596.7967893312004,924.7944172,51.8932004
595.1217670058525,925.8670339,51.900356
593.4387910555022,926.9268755,51.9082044
591.7478383662557,927.9739785,51.916418
590.0490867581947,929.0082511,51.9250566
588.3427047226727,930.0296087,51.9339831
586.628658107055,931.0380854,51.9429877
584.9071096325599,932.0335938,51.9520316
583.1782410882012,933.0160372,51.9609143
581.4420094916044,933.9854585,51.9696356
579.6985863154754,934.941772,51.9781263
577.9481277141313,935.8848851,51.9862199
576.1906257928931,936.8147867,51.9940863
574.4262114831786,937.7313953,52.0016825
572.6550309322733,938.6346334,52.0089689
570.8771113267977,939.5244855,52.0161513
569.092577869552,940.4008885,52.0232336
567.3015671923594,941.2637783,52.0303735
565.5041341053471,942.1131343,52.0376623
563.7003978766563,942.9489091,52.0451414
561.8904894025065,943.771055,52.053212
560.0744859602972,944.5795546,52.0617398
558.2525034672482,945.3743777,52.0707795
556.4246746348217,946.1554933,52.0810052
554.59108907978,946.9228949,52.0920007
552.751860362784,947.676572,52.1038079
550.9071345308554,948.4165075,52.1174069
549.057000431708,949.1427147,52.1320839
547.20156708319,949.8552056,52.1478456
545.341012144619,950.5539736,52.1660433
543.4754053197533,951.2390618,52.1856512
541.6048505863102,951.9105076,52.2066755
539.7295714219257,952.5683148,52.2307589
537.8496066637343,953.2125627,52.256674
535.9650481947249,953.8433188,52.2843673
534.0761838849162,954.4605949,52.3157071
532.1830064990802,955.06451,52.3492304
530.2855844886226,955.6551604,52.3847895
528.3842876848091,956.2325558,52.4241584
526.4790470632837,956.7968476,52.4656568
524.5698840138152,957.3481073,52.5090387
522.6572602486701,957.8862582,52.5554324
520.7410078695038,958.4114679,52.6032204
518.8210785970928,958.9238882,52.652154
516.8981444353154,959.4234713,52.7024369
514.971882624982,959.9103733,52.7530618
513.0422368990972,960.3846559,52.8039184
511.10991133164714,960.8461888,52.8546873
509.17452448468094,961.2950953,52.9052143
507.2360074335713,961.7314124,52.9555346
505.2950891681301,962.1549975,53.0054633
503.3513611003487,962.5659572,53.0550858
501.4047606402512,962.9643099,53.1044488
499.45600792784177,963.3499148,53.1533193
497.5046882965345,963.7228626,53.2018783
495.5507652808869,964.0831642,53.2501779
493.59492019048605,964.4307042,53.2980195
491.6367537546553,964.7655661,53.3455752
489.6762693481514,965.087757,53.3928892
487.71407566685684,965.3971888,53.4397561
485.749811483553,965.6939312,53.4863482
483.7835280570831,965.9779846,53.532704
481.8157255007652,966.2492886,53.5786167
479.84611242343004,966.507896,53.6242709
477.87479005572357,966.7538029,53.669697
475.9021115769398,966.9869772,53.714689
473.927898550982,967.2074523,53.75944
471.9522941332091,967.4152228,53.8039717
469.97546502448915,967.6102828,53.8480775
467.9974023724336,967.7926423,53.8919585
466.01826661956034,967.9622996,53.9356276
464.0380021030704,968.1192507,53.9788761
462.0567504823644,968.2633742,54.0219317
460.0748756338987,968.3946106,54.064795
458.0917873721609,968.5130775,54.1075978
456.10824693016593,968.6188837,54.1505168
454.12431649491145,968.712177,54.19356
452.1393677477909,968.7931179,54.2371725
450.15422323005214,968.861876,54.2812588
448.16892890232157,968.9187336,54.32586
446.182866513531,968.9640719,54.3718067
444.19685557341535,968.9983582,54.4186134
442.21089581170986,969.0222163,54.4663581
440.2243939975385,969.0364176,54.5159833
438.23811984508933,969.0418936,54.5665408
436.2520134249978,969.0397269,54.6180985
434.26550097997284,969.0311157,54.6710382
432.279329165113,969.0173337,54.7244072
430.2932771391383,968.999738,54.7782098
428.30715018241364,968.9796522,54.8322051
426.3210623864626,968.9579198,54.8861041
424.3348290493383,968.9352015,54.9398867
422.3487854626059,968.9120844,54.993266
420.3626653638491,968.8890154,55.0464078
418.3764862298274,968.8663154,55.099299
416.39044805165156,968.8441849,55.1517266
414.4043348019052,968.8227213,55.2039249
412.4181747076568,968.8019607,55.2558842
410.4321259130373,968.7818924,55.3074126
408.44601642954547,968.7624721,55.3587249
406.4598747418765,968.7436438,55.4098125
404.4738180481408,968.7253469,55.4604837
402.4877143996332,968.7075232,55.5109436
400.5015945719518,968.6901083,55.5611838
398.5155088143452,968.6730361,55.6110146
396.52940904248396,968.6562758,55.6606389
394.54334036276094,968.6398211,55.7100481
392.55725043122425,968.6236783,55.7590563
390.57117690348355,968.6078448,55.8078612
388.5851137251781,968.5923198,55.8564547
386.59903209394315,968.5771083,55.9046544
384.6129637053818,968.5622187,55.952655
382.62690498852425,968.5476609,56.0004484
380.6408286294391,968.5334464,56.047856
378.65476324131026,968.5195876,56.0950686
376.66870574677216,968.5060973,56.1420787
374.6826318086711,968.4929882,56.1887109
372.6965666589561,968.4802735,56.2351521
370.71050751467857,968.467966,56.2813954
368.7244333134414,968.4560788,56.3272683
366.7383657074615,968.4446253,56.3729544
364.752302208485,968.4336189,56.4184468
362.76622502902984,968.4230732,56.4635763
360.78015253985313,968.4130026,56.5085227
358.7940820508199,968.4034216,56.5532798
356.8079996454489,968.3943453,56.5976809
354.82191971769635,968.3857895,56.6419024
352.8358400708128,968.377771,56.6859388
350.8497501624265,968.3703072,56.7296255
348.8636608066819,968.3634175,56.773136
346.87756980295416,968.3571227,56.8164651
344.891470280039,968.3514461,56.8594502
342.90536947093153,968.3464143,56.9022615
340.9192652684181,968.342058,56.9448947
338.93315466836225,968.338413,56.9871871
336.947040921383,968.3355219,57.0293071
334.9609220086939,968.3334351,57.0712504
332.9747991844458,968.3322117,57.1128524
330.9886717093393,968.331922,57.1542803
329.00253744578345,968.3326473,57.1955302
327.0164030889864,968.3344802,57.2364319
325.0302632049307,968.3375254,57.2771546
323.04411572759585,968.3418964,57.317695
321.0579740785467,968.3477139,57.3578771
319.0718273325755,968.3551003,57.3978783
317.0856735992507,968.364172,57.4376957
315.0995350272993,968.3750322,57.4771664
313.11339314048905,968.3877557,57.5164761
311.1272461667087,968.4023748,57.5556228
309.1411239495573,968.4188661,57.5944981
307.1549983592123,968.4371217,57.6332637
305.1688683457076,968.4569322,57.6719187
303.182760652538,968.477969,57.710383
301.19664013877605,968.499746,57.7487159
299.2105071526732,968.5216142,57.7869152
297.224366653093,968.5427551,57.8245926
295.2381944529526,968.5621684,57.8617576
293.2519922416195,968.5787228,57.8984015
291.2657515100245,968.5911936,57.9333489
289.2794839142765,968.5983329,57.9671318
287.2931909261029,968.5989476,57.9997357
285.306922017568,968.5919427,58.02965
283.3206995064273,968.5763789,58.058198
281.3345205309866,968.55147,58.0853677
279.3485698470367,968.5165809,58.110056
277.3627841801768,968.4712069,58.1336828
275.3771962330767,968.4150143,58.1562402
273.39222755420013,968.3478537,58.1770777
271.40759561747126,968.2696767,58.1972192
269.4228962444201,968.180235,58.2166574
267.4394874707016,968.0791984,58.2349777
265.45625256535743,967.9663529,58.2522613
263.47353617850627,967.8416264,58.268467
261.49207170430583,967.7050001,58.2831221
259.5111739164672,967.556376,58.2970156
257.5311660824135,967.3957304,58.3101004
255.55232109704107,967.2230465,58.3214021
253.57445157139549,967.0382699,58.3315953
251.5978208642051,966.8413885,58.3405578
249.62231471113452,966.632354,58.3469658
247.64818982708692,966.4111479,58.3519483
245.67558518533434,966.1777578,58.3553101
243.7041952027625,965.9320919,58.3559244
241.73452530818915,965.6739352,58.355184
239.76671326646536,965.4031205,58.3528974
237.80030024257377,965.1196129,58.3471723
235.83597548913033,964.8236965,58.3363919
233.87362709249538,964.5154669,58.3190394
231.91292364449032,964.1948297,58.2885589
229.95447394313268,963.8618519,58.2510906
227.9982272296023,963.5164936,58.2054394
226.04393387384684,963.1586634,58.14906
224.0921160673847,962.7884049,58.0880766
222.14275736011922,962.4056611,58.0219885
220.195647295086,962.010328,57.9507032
218.25126665486087,961.6024396,57.87757
216.3096269253099,961.1819369,57.8025207
214.37051885726203,960.7487116,57.7259614
212.43441198898782,960.302823,57.6489134
210.50134082448818,959.8442487,57.5713784
208.57104820938648,959.3728926,57.4932247
206.64406581024008,958.8888068,57.4146208
204.720407919946,958.3919293,57.3354782
202.7998249586518,957.8821534,57.255034
200.88282708360111,957.3595761,57.1736712
198.9694390817309,956.8241713,57.0912402
197.05941713718641,956.2758359,57.0066868
195.15325192557106,955.7146769,56.9209044
193.25098412763973,955.1406769,56.8337673
191.35237411039077,954.5537295,56.7443066
189.45789496036113,953.9539472,56.6536968
187.56760474758798,953.3413177,56.5618796
185.68126872116403,952.7157291,56.4682004
183.79934277978856,952.0772962,56.373738
181.92190228499317,951.426011,56.2784884
180.04871995320752,950.7617558,56.1821623
178.18023340357684,950.0846464,56.0854831
176.3165265485851,949.3946762,55.9884584
174.45740539616023,948.6917322,55.8911011
172.60326485261814,947.9759214,55.7937108
170.75419757823968,947.2472401,55.696295
168.91006273480343,946.5055897,55.5990068
167.07119463796954,945.7510609,55.5018582
165.23769886581454,944.9836556,55.4048444
163.40948604106666,944.2032921,55.308131
161.58683455923747,943.4100447,55.2116131
159.76985904095372,942.6039204,55.1152697
157.9585194792533,941.7848567,55.0192319
156.15304391415953,940.9529117,54.9233821
154.35355511908284,940.1080947,54.8276902
152.56006266594446,939.250357,54.7322508
150.77275786574043,938.3797349,54.6369731
148.9917418305486,937.4962385,54.5418235
147.2170796138258,936.5998672,54.4468695
145.44891037083852,935.6906465,54.3520477
143.6873566756874,934.7685933,54.2573256
141.9324996948321,933.8337039,54.1627516
140.18446716803427,932.885999,54.0682937
138.44338176987577,931.9254982,53.9739249
136.70933668528534,930.9522056,53.8797002
134.9824528034663,929.9661409,53.785641
133.26285409091597,928.9673269,53.6917257
131.55064118218579,927.9557735,53.5980712
129.84593089643724,926.9315006,53.5048105
128.14884968332655,925.8945348,53.411896
126.45950274719962,924.8448902,53.3195813
124.77800452548931,923.7825875,53.2281994
123.1044847450555,922.7076575,53.1375771
121.43905148965302,921.6201186,53.0481483
119.78181651704631,920.519992,52.96052
118.13291342216215,919.4073152,52.8742203
116.4924520735456,918.2821112,52.7898112
114.86053886194118,917.1444031,52.7081429
113.2373112433704,915.994238,52.6282782
111.62287817821614,914.8316473,52.5507489
110.01733661053167,913.6566573,52.4764269
108.42082565549326,912.4693309,52.4039355
106.83344947810974,911.2697117,52.3336051
105.25528989893996,910.057833,52.2659975
103.6864839998377,908.8337786,52.1996867
102.12712755769992,907.5976091,52.1347761
100.57728209572126,906.3493652,52.0715233
99.03708136279653,905.0891529,52.0090757
97.50661314597865,903.8170476,51.9474752
95.98592166485582,902.5330907,51.8877767
94.47514252158958,901.2374013,51.8298051
92.97436498204945,899.9300577,51.7736434
91.48362722402933,898.6110893,51.723517
90.00307567960476,897.2806153,51.6782956
88.53280539140005,895.9387073,51.6380922
87.07286120573355,894.58539,51.6105657
85.62338398515095,893.2207814,51.5910862
84.1844620805956,891.8449643,51.5791639
82.75612954221246,890.4579865,51.5793358
81.33848899208041,889.0599893,51.581872
79.93159677401474,887.6510905,51.5864618
78.53546307713981,886.2313746,51.5940682
77.15015777422822,884.8009931,51.6035087
75.7757239521623,883.3600713,51.6144141
74.41217861963506,881.908704,51.6272991
73.05958462000515,880.447024,51.6409458
71.71799421711037,878.9751385,51.6550184
70.38745614387581,877.4931339,51.6690941
69.06804912488741,876.0011092,51.6824518
67.7598464751387,874.4991392,51.6951094
66.462936417663,872.9873004,51.7062776
65.17741692319754,871.4656673,51.7158383
63.90336982236637,869.9342883,51.7242131
62.640907879719634,868.3932455,51.7307847
61.39013810646755,866.8426154,51.7357907
60.151124892703415,865.2824234,51.7398215
58.92399177899896,863.7127743,51.7426151
57.708866079287816,862.133774,51.7445447
56.50585051924021,860.5453901,51.7460803
55.315051904705186,858.9476645,51.7472649
54.13660064982405,857.3408803,51.748545
52.970326948998476,855.7248887,51.7500688
51.81640089861753,854.0999659,51.7520534
50.67496835664079,852.4663395,51.7550007
49.545893067546544,850.8238438,51.7586513
48.42931152117341,849.172712,51.7632546
47.32536173841812,847.5131955,51.7692532
46.23391930829639,845.8451585,51.7760556
45.15509291409525,844.1688154,51.7838252
44.08899249254148,842.4843914,51.7927511
43.035539487589574,840.791814,51.8021789
41.99482950897186,839.0912732,51.8121425
40.966933388316676,837.3829279,51.8224703
39.95175379939275,835.6667639,51.832791
38.9493594607699,833.9431507,51.8430536
37.95951205313067,832.2118935,51.8528223
36.98265395435393,830.47344,51.862184
36.018961638741985,828.7278259,51.8710812
35.0681680354764,826.9745258,51.8790275
34.13068467388041,825.214261,51.8864604
33.20656319866669,823.4471089,51.8933647
32.29553659066103,821.672531,51.8994083
31.398004028835686,819.8912785,51.905116
30.513997418803527,818.1034092,51.910496
29.643302285034014,816.3084749,51.9155348
28.78623713130236,814.5071259,51.9205644
27.942814030384554,812.699399,51.9256042
27.112919803819477,810.8850557,51.9309441
26.296771432425725,809.0645702,51.9366497
25.494424453919294,807.2378795,51.9427118
24.70599101555015,805.4050423,51.9495937
23.931429417242633,803.5662107,51.9571739
23.170623242486734,801.7213543,51.965365
22.423698288057814,799.8709291,51.9746793
21.690598684828494,798.0148746,51.9849307
20.971299768882606,796.1532006,51.9959409
20.26590297010683,794.2862611,52.0082175
19.574372374489705,792.4140656,52.0216335
18.896663275947596,790.5366052,52.0359336
18.23284565760362,788.6542015,52.0516599
17.58288927658579,786.7669205,52.0688613
16.94672838127337,784.8747373,52.0871904
16.324397814321312,782.9779455,52.1073092
15.71586207778657,781.0766616,52.1295332
15.121028295217481,779.1708483,52.1533233
14.539891577977787,777.2607759,52.1794988
13.972399744130374,775.346607,52.2086426
13.418427723490392,773.4282905,52.2398501
12.877929987815708,771.5060771,52.2739902
12.350835988708658,769.5801713,52.3116916
11.836993663151455,767.6504994,52.3515907
11.336331666706796,765.7172913,52.3943424
10.848780085943112,763.7807908,52.4401763
10.374184895878237,761.8408828,52.4875742
9.912483463024003,759.897773,52.5367728
9.46364072293828,757.9517443,52.5874231
9.027531597921977,756.0026201,52.6385579
8.604128622104232,754.0505836,52.6901158
8.19344655551333,752.0959694,52.741592
7.7953860682707194,750.1385185,52.7929204
7.409903443786829,748.17842,52.8440353
7.03696240526007,746.2160887,52.8947851
6.676527074794239,744.2512388,52.9452892
6.328650721977079,742.2838584,52.9954951
5.9935025557739126,740.3147456,53.0452101
5.670973840078988,738.3431331,53.0946586
5.361060462463861,736.3690348,53.1438018
5.064019711538185,734.3938799,53.1924746
4.780112048223204,732.4160701,53.2408908
4.509750272069175,730.4358013,53.2890104
4.253100723127908,728.4546878,53.3366533
4.009443601257954,726.4710426,53.3840425
3.7785663822154167,724.4858498,53.4311304
3.560519665778348,722.4994324,53.4777629
3.3552380925553527,720.511308,53.5241557
3.162676885757067,718.5222177,53.5702543
2.9825032346785587,716.5314892,53.6159445
2.814398032295334,714.5401682,53.6614093
2.658307682318759,712.5477906,53.7065894
2.514758179337135,710.5541151,53.7513712
2.383927042143558,708.5596897,53.7959789
2.265785296715284,706.5644844,53.8403865
2.1602862444543827,704.5682689,53.8848373
2.0673694724615137,702.5715813,53.929441
1.9868912960078302,700.5743172,53.9743077
1.918657997305008,698.5763476,54.0198668
1.8624144581567972,696.5781339,54.0659851
1.8177935439205841,694.5795774,54.1129147
1.7843172801674516,692.5806117,54.161272
1.7613623959977494,690.5815871,54.2105716
1.7481435581289988,688.5824278,54.261154
1.7437015020133613,686.5830945,54.3134329
1.7468680695903185,684.5838424,54.366584
1.7563656862597332,682.5845485,54.4207963
1.7708806833895174,680.5852567,54.4758416
1.7891731730913802,678.5859654,54.5311369
1.810101895152191,676.5866826,54.5866249
1.8326583710824416,674.5874176,54.6419579
1.856043707440941,672.5881552,54.6971152
1.8796444729217168,670.5888928,54.7520007
1.9030314364470673,668.5896331,54.8064652
1.9259350719754647,666.5903663,54.8606844
1.9482017903526527,664.5910942,54.9145888
1.9697741815974759,662.5918212,54.9680927
1.9906613316911947,660.5925401,55.0213682
2.0109107778911737,658.5932542,55.0743533
2.030594714828533,656.5939693,55.1269574
2.0497930515886917,654.5946777,55.1793406
2.0685840561038695,652.5953829,55.2314412
2.0870385207976065,650.5960912,55.2831652
2.105215661132334,648.5967937,55.3346709
2.1231626984683203,646.5974941,55.3858979
2.1409151999816167,644.5981988,55.4367535
2.1584977568732766,642.598898,55.4873945
2.1759269397468675,640.5995955,55.5377624
2.1932123396821623,638.6002978,55.5877658
2.2103589407982938,636.6009947,55.6375592
2.227368678202133,634.6016899,55.6870858
2.2442416781855217,632.6023902,55.7362556
2.2609773437628427,630.6030849,55.78522
2.2775753074268215,628.603778,55.833924
2.2940354811396766,626.6044767,55.8822788
2.310358353194939,624.6051694,55.9304329
2.326546823923233,622.6058604,55.9783328
2.3426066739277367,620.606554,56.0258908
2.3585421365555463,618.6072435,56.0732527
2.3743550926546133,616.6079354,56.1203666
2.390045572195821,614.6086263,56.167146
2.405617061060193,612.6093175,56.2137335
2.4210738463330292,610.610008,56.2600789
2.4364201067412186,608.6106976,56.3060966
2.451660209144709,606.6113873,56.3519268
2.4667982233121135,604.6120766,56.3975203
2.4818380144760646,602.612765,56.4427931
2.4967835347638383,600.6134535,56.4878823
2.511638239007909,598.6141418,56.5327402
2.5264057770218598,596.6148292,56.577284
2.541089286713526,594.6155168,56.6216482
2.5556919073011795,592.6162041,56.6657864
2.570216771311647,590.6168907,56.7096168
2.5846667012203,588.6175773,56.7532714
2.5990443177474143,586.6182638,56.7967051
2.613352535430966,584.6189497,56.8398372
2.6275938583660157,582.6196357,56.8827972
2.641770689020084,580.6203215,56.9255414
2.6558854233780522,578.6210067,56.9679899
2.6699405445805153,576.621692,57.0102699
2.683938333337629,574.6223773,57.0523388
2.697880866880616,572.6230619,57.094118
2.7117703067688197,570.6237467,57.1357321
2.7256087132174587,568.6244314,57.1771398
2.7393982387310363,566.6251156,57.2182635
2.753140624526112,564.6258,57.2592255
2.766837808205156,562.6264842,57.2999856
2.780491618762439,560.627168,57.3404671
2.7941037739772794,558.6278519,57.3807903
2.807676085693931,556.6285358,57.4209161
2.8212099610984938,554.6292192,57.4607686
2.8347071909089028,552.6299028,57.5004659
2.848169064323219,550.6305863,57.5399701
2.8615971602068546,548.6312694,57.5792062
2.874992844816875,546.6319527,57.6182903
2.888357380128884,544.6326359,57.6571854
2.9016921178169763,542.6333188,57.6958175
2.914998297530614,540.6340018,57.7343006
2.9282770522476573,538.6346848,57.7725987
2.9415294076522915,536.6353673,57.8106387
2.9547565720704583,534.6360501,57.8485327
2.967959550228473,532.6367329,57.8862457
2.981139237637403,530.6374153,57.9237053
2.9942965149281884,528.6380978,57.9610218
3.0074323543465518,526.6387804,57.998161
3.0205476205381387,524.6394626,58.0350517
3.033642962702533,522.640145,58.0718019
3.046719122782939,520.6408274,58.1083786
3.059776832230339,518.6415095,58.1447112
3.072816807771158,516.6421917,58.1809062
3.085839458195519,514.642874,58.2169312
3.0988455817059286,512.6435559,58.2527166
3.1118354614669483,510.644238,58.2883669
3.12480977133995,508.6449201,58.3238508
3.137768775607962,506.6456019,58.3590994
3.1507130211968706,504.6462839,58.3942156
3.1636427478432863,502.6469659,58.4291687
3.176558382760417,500.6476476,58.4638907
3.1894600379468017,498.6483295,58.4984828
3.2023481153230113,496.6490114,58.5329151
3.2152225063113313,494.6496931,58.5671205
3.2280831855676144,492.6503751,58.6011983
3.24093022023853,490.6510568,58.6351197
3.2537640577306677,488.6517386,58.6688181
3.2665848373022914,486.6524202,58.7023913
3.279392782600051,484.6531017,58.7358112
3.292187704060116,482.6537835,58.7690121
3.3049697027987106,480.654465,58.80209
3.317738662583759,478.6551465,58.8350178
3.330494454160247,476.6558282,58.8677302
3.34323693777878,474.6565097,58.9003221
3.355965957358073,472.6571911,58.9327667
3.3686813419701336,470.6578727,58.9649998
3.381382910474345,468.6585541,58.9971144
3.39407026538772,466.6592355,59.0290848
3.406743294599993,464.659917,59.0608471
3.419401474973034,462.6605984,59.0924932
3.432044566532092,460.6612798,59.1239979
3.4446722154738847,458.6619613,59.1552981
3.4572839561965765,456.6626426,59.1864841
3.469879405823603,454.6633239,59.2175315
3.4824580675056582,452.6640054,59.2483778
3.4950193335087407,450.6646867,59.279112
3.5075627783873857,448.6653679,59.3097103
3.5200877619442403,446.6660493,59.3401108
3.5325937323392127,444.6667306,59.3704013
3.545079921896458,442.6674119,59.4005584
3.5575457483493604,440.6680932,59.4305211
3.569990515353684,438.6687745,59.4603756
3.582413413008644,436.6694557,59.4900993
3.594813615469194,434.670137,59.5196318
3.607190284092434,432.6708183,59.549058
3.6195426656035687,430.6714995,59.5783558
3.631869791560505,428.6721808,59.6074656
3.6441706813714063,426.672862,59.6364709
3.6564444389585047,424.6735431,59.6653502
3.6686900529583006,422.6742244,59.6940444
3.6809066008061624,420.6749056,59.7226358
3.6930928449074845,418.6755868,59.7511036
3.7052478334965944,416.676268,59.779389
3.717370501452665,414.6769492,59.8075733
3.729459770628562,412.6776303,59.8356359
3.7415146471754275,410.6783116,59.8635184
3.7535338283885915,408.6789927,59.8913004
3.7655163943098113,406.6796738,59.9189615
3.7774612131470313,404.680355,59.9453756
3.7893672411043706,402.6810362,59.9683542
3.801233522079036,400.6817172,59.9863735
3.8130587854558877,398.6823984,59.9951198
3.824842250667495,396.6830795,59.9998127
3.8365827243342325,394.6837606,59.9999796
3.8482791011710376,392.6844418,59.9999925
3.8599305652243334,390.6851229,59.99999
3.8715359887086036,388.685804,59.9999897
3.883094333230501,386.6864851,59.9999897
3.894604749367751,384.6871662,59.9999897
3.9060660786444084,382.6878472,59.9999897
3.9174774500262197,380.6885284,59.9999897
3.9288378859815882,378.6892095,59.9999897
3.9401462984888553,376.6898905,59.9999897
3.951401788752719,374.6905717,59.9999897
3.96260315336694,372.6912527,59.9999897
3.973749377011056,370.6919338,59.9999897
3.9848394384434256,368.6926149,59.9999897
3.9958722087620044,366.693296,59.9999897
4.006846452720903,364.693977,59.9999897
4.0177610269274835,362.6946581,59.9999897
4.028614783224464,360.6953392,59.9999897
4.03940626787513,358.6960203,59.9999897
4.050134221510201,356.6967014,59.9999897
4.060797480258063,354.6973824,59.9999897
4.071394475372101,352.6980635,59.9999897
4.081923835263083,350.6987446,59.9999897
4.092384184619902,348.6994257,59.9999897
4.102773946127524,346.7001067,59.9999897
4.113091838035908,344.7007879,59.9999897
4.123336080681442,342.7014689,59.9999897
4.133505289650331,340.70215,59.9999897
4.143597981805611,338.7028311,59.9999897
4.153612473888031,336.7035122,59.9999897
4.163547382774442,334.7041933,59.9999897
4.1734009271033665,332.7048744,59.9999897
4.183171727118744,330.7055554,59.9999897
4.192858104705189,328.7062365,59.9999897
4.20245868556016,326.7069176,59.9999897
4.211971799045144,324.7075987,59.9999897
4.221395978564754,322.7082798,59.9999897
4.230729762486984,320.7089609,59.9999897
4.239971594914107,318.709642,59.9999897
4.249120126357253,316.710323,59.9999897
4.2581738134194005,314.7110041,59.9999897
4.267131321203686,312.7116852,59.9999897
4.275991122970776,310.7123663,59.9999897
4.284751900766604,308.7130474,59.9999897
4.2934123463338185,306.7137285,59.9999897
4.3019710618959985,304.7144096,59.9999897
4.310426660749823,302.7150907,59.9999897
4.318777868200701,300.7157717,59.9999897
4.327023321151693,298.7164528,59.9999897
4.335161870498696,296.7171339,59.9999897
4.343191981016093,294.717815,59.9999897
4.351112531744739,292.7184961,59.9999897
4.358922217172704,290.7191772,59.9999897
4.366619647840081,288.7198583,59.9999897
4.37420355089643,286.7205394,59.9999897
4.381672571211704,284.7212204,59.9999897
4.389025470826088,282.7219015,59.9999897
4.396260831500414,280.7225826,59.9999897
4.403377454037811,278.7232637,59.9999897
4.41037385952635,276.7239448,59.9999897
4.417248789735687,274.7246259,59.9999897
4.4240008079933855,272.725307,59.9999897
4.430628599692761,270.7259881,59.9999897
4.4371308729998304,268.7266692,59.9999897
4.44350605983577,266.7273502,59.9999897
4.449752915367395,264.7280313,59.9999897
4.455870120155437,262.7287124,59.9999897
4.461856279851462,260.7293935,59.9999897
4.467710026187234,258.7300745,59.9999897
4.473430216530236,256.7307557,59.9999897
4.479015336785727,254.7314367,59.9999897
4.484464399005987,252.7321178,59.9999897
4.489775944312411,250.7327989,59.9999897
4.494949042399297,248.7334799,59.9999897
4.499982591917354,246.7341609,59.9999897
4.504875421313076,244.734842,59.9999897
4.5096265896940535,242.735523,59.9999897
4.514235386399096,240.736204,59.9999897
4.5187009320078415,238.7368851,59.9999897
4.523022579207031,236.737566,59.9999897
4.527199511855241,234.7382471,59.9999897
4.5312312469753335,232.7389282,59.9999897
4.535117234364902,230.7396091,59.9999897
4.538857256450554,228.7402901,59.9999897
4.542451029535435,226.7409712,59.9999897
4.5458984039938715,224.7416521,59.9999897
4.549199363806618,222.7423331,59.9999897
4.552353827647289,220.7430142,59.9999897
4.555362149008039,218.7436951,59.9999897
4.558224415881592,216.7443761,59.9999897
4.560941051559178,214.7450572,59.9999897
4.563512414714387,212.7457381,59.9999897
4.565938999178148,210.7464191,59.9999897
4.5682213345159335,208.7471001,59.9999897
4.570360185929866,206.747781,59.9999897
4.572356054320075,204.748462,59.9999897
4.574209776456983,202.7491431,59.9999897
4.575922024940875,200.749824,59.9999897
4.577493508226428,198.750505,59.9999897
4.57892517064305,196.7511861,59.9999897
4.580217492253931,194.751867,59.9999897
4.581371489002326,192.752548,59.9999897
4.582387812470379,190.7532291,59.9999897
4.583267049668717,188.75391,59.9999897
4.584010023305606,186.754591,59.9999897
4.584617191291157,184.7552721,59.9999897
4.5850891465218275,182.7559531,59.9999897
4.585426317013842,180.7566341,59.9999897
4.585629265614753,178.7573153,59.9999897
4.585698089096921,176.7579962,59.9999897
4.585633219299736,174.7586773,59.9999897
4.585434621555812,172.7593585,59.9999897
4.585102594580808,170.7600395,59.9999897
4.584636970992096,168.7607205,59.9999897
4.58403761647604,166.7614017,59.9999897
4.583304528609365,164.7620827,59.9999897
4.582437438155346,162.7627638,59.9999897
4.581436007416789,160.763445,59.9999897
4.5802998297230095,158.764126,59.9999897
4.579028730293254,156.7648071,59.9999897
4.577622064607986,154.7654883,59.9999897
4.576079517693757,152.7661693,59.9999897
4.5744007052432485,150.7668504,59.9999897
4.572585171628525,148.7675316,59.9999897
4.570632489262916,146.7682126,59.9999897
4.568542359748252,144.7688937,59.9999897
4.566314411502209,142.7695748,59.9999897
4.563948599790371,140.7702558,59.9999897
4.561444706966913,138.7709369,59.9999897
4.558802840442253,136.771618,59.9999897
4.556022932861976,134.772299,59.9999897
4.55310544168209,132.77298,59.9999897
4.550050748338082,130.7736611,59.9999897
4.546859356514575,128.774342,59.9999897
4.543532093836059,126.775023,59.9999897
4.540069808883674,124.775704,59.9999897
4.53647377152728,122.776385,59.9999897
4.532745271920332,120.7770659,59.9999897
4.528885820789428,118.7777469,59.9999897
4.524897146798931,116.7784278,59.9999897
4.5207810978332095,114.7791087,59.9999897
4.516539938962624,112.7797896,59.9999897
4.512175852333376,110.7804705,59.9999897
4.5076913361663165,108.7811514,59.9999897
4.503089104085594,106.7818323,59.9999897
4.498371884546755,104.7825132,59.9999897
4.493542719539407,102.783194,59.9999897
4.488604465577526,100.7838749,59.9999897
4.4835604904290545,98.7845558,59.9999897
4.47841377414255,96.7852366,59.9999897
4.473167808542008,94.7859175,59.9999897
4.4678257952368785,92.7865984,59.9999897
4.462391045890978,90.7872793,59.9999897
4.456866881282169,88.7879602,59.9999897
4.45125653035698,86.788641,59.9999897
4.445563131015701,84.7893219,59.9999897
4.439789727643585,82.7900029,59.9999897
4.433939370280951,80.7906838,59.9999897
4.428014716336599,78.7913647,59.9999897
4.422018528243435,76.7920457,59.9999897
4.4159530724165,74.7927266,59.9999897
4.409820720576589,72.7934076,59.9999897
4.403623447083814,70.7940886,59.9999897
4.397363029645142,68.7947696,59.9999897
4.391040848640791,66.7954506,59.9999897
4.384658286387736,64.7961317,59.9999897
4.378216226091138,62.7968128,59.9999897
4.37171555134618,60.7974938,59.9999897
4.365156647649269,58.7981749,59.9999897
4.35853979916729,56.7988561,59.9999897
4.3518647888448205,54.7995372,59.9999897
4.345131499036209,52.8002183,59.9999897
4.338339410581706,50.8008995,59.9999897
4.331487800665599,48.8015806,59.9999897
4.324575845214428,46.8022618,59.9999897
4.317602515532344,44.802943,59.9999897
4.310566579150464,42.8036241,59.9999897
4.303466900153157,40.8043053,59.9999897
4.296302235939254,38.8049864,59.9999897
4.28907104081256,36.8056676,59.9999897
4.281772160486952,34.8063487,59.9999897
4.274404236519805,32.8070299,59.9999897
4.266966201156035,30.807711,59.9999897
4.259456780733339,28.808392,59.9999897
4.251875094005481,26.8090731,59.9999897
4.244220350011144,24.8097542,59.9999897
4.236492148385025,22.8104352,59.9999897
4.228689981060063,20.8111162,59.9999897
4.220814028602424,18.8117972,59.9999897
4.212864461432426,16.8124781,59.9999897
4.204841840454412,14.8131591,59.9999897
4.1967471132806295,12.81384,59.9999897
4.188581717003125,10.8145209,59.9999897
4.180347077162449,8.8152018,59.9999897
4.172045405378132,6.8158826,59.9999897
4.16367910201284,4.8165634,59.9999897
4.15525095387636,2.8172442,59.9999897
4.14676393495493,0.817925,59.9999897
4.138221803999874,-1.1813943,59.9999897
4.129628208693111,-3.1807135,59.9999897
4.120987280263583,-5.1800328,59.9999897
4.112303636728622,-7.1793521,59.9999897
4.103581782872113,-9.1786713,59.9999897
4.09482680652365,-11.1779906,59.9999897
4.086043583211323,-13.17731,59.9999897
4.0772373747844615,-15.1766292,59.9999897
4.068413525536097,-17.1759485,59.9999897
4.0595772672744035,-19.1752679,59.9999897
4.050733918633424,-21.1745871,59.9999897
4.041888781168421,-23.1739063,59.9999897
4.033046843299558,-25.1732256,59.9999897
4.024213080368046,-27.1725448,59.9999897
4.015392052772813,-29.171864,59.9999897
4.006588306736703,-31.1711832,59.9999897
3.9978057762473727,-33.1705023,59.9999897
3.9890481802259066,-35.1698214,59.9999897
3.98031862491177,-37.1691406,59.9999897
3.971620005183154,-39.1684595,59.9999897
3.9629544995195403,-41.1677785,59.9999897
3.954323875310928,-43.1670976,59.9999897
3.945729189976089,-45.1664164,59.9999897
3.9371709841009945,-47.1657353,59.9999897
3.9286492877893027,-49.1650543,59.9999897
3.9201634220004857,-51.1643729,59.9999897
3.9117119903003665,-53.1636917,59.9999897
3.9032931878379635,-55.1630105,59.9999897
3.894904498350882,-57.1623291,59.9999897
3.886542890938033,-59.1616478,59.9999897
3.87820462563075,-61.1609665,59.9999897
3.8698856504574843,-63.160285,59.9999897
3.861581299521932,-65.1596036,59.9999897
3.8532865961830742,-67.1589223,59.9999897
3.8449960539165655,-69.1582408,59.9999897
3.836704070172308,-71.1575594,59.9999897
3.828404632333034,-73.1568781,59.9999897
3.820091815863557,-75.1561966,59.9999897
3.81175938070903,-77.1555153,59.9999897
3.8034011760939492,-79.1548341,59.9999897
3.795011238605973,-81.1541527,59.9999897
3.786583588871631,-83.1534714,59.9999897
3.778112733270194,-85.1527904,59.9999897
3.769593269234635,-87.1521091,59.9999897
3.761020372839625,-89.1514281,59.9999897
3.7523899088396417,-91.1507472,59.9999897
3.7436978295160754,-93.1500661,59.9999897
3.7349411664290857,-95.1493852,59.9999897
3.726117538217432,-97.1487045,59.9999897
3.7172254493585832,-99.1480236,59.9999897
3.7082640848077384,-101.1473429,59.9999897
3.699233814126133,-103.1466624,59.9999897
3.6901358927444328,-105.1459817,59.9999897
3.6809725553623545,-107.1453012,59.9999897
3.6717472218212057,-109.1446208,59.9999897
3.6624643959881036,-111.1439402,59.9999897
3.6531297607189495,-113.1432598,59.9999897
3.6437502836116673,-115.1425795,59.9999897
3.634333916795936,-117.141899,59.9999897
3.6248899911187644,-119.1412186,59.9999897
3.6154287224965236,-121.1405384,59.9999897
3.605961811325911,-123.1398579,59.9999897
3.596501637958495,-125.1391776,59.9999897
3.587061868244737,-127.1384974,59.9999897
3.577657053856008,-129.1378169,59.9999897
3.5683025267645734,-131.1371366,59.9999897
3.559014406948651,-133.1364564,59.9999897
3.5498095019264926,-135.1357758,59.9999897
3.540705199796749,-137.1350954,59.9999897
3.531719378898816,-139.1344151,59.9999897
3.5228702078496537,-141.1337343,59.9999897
3.5141763357782425,-143.1330537,59.9999897
3.5056563057882486,-145.1323732,59.9999897
3.4973286536470574,-147.1316921,59.9999897
3.4892119975716183,-149.1310111,59.9999897
3.48132435265334,-151.1303301,59.9999897
3.473683528159221,-153.1296484,59.9999897
3.4663061231200456,-155.1289666,59.9999897
3.4592080326181227,-157.1282849,59.9999897
3.45240375622811,-159.1276021,59.9999897
3.4459057840260208,-161.1269191,59.9999897
3.4397245111218986,-163.1262361,59.9999897
3.4338681422849273,-165.1255518,59.9999897
3.4283409820134016,-167.1248672,59.9999897
3.423143948094782,-169.1241824,59.9999897
3.418273778692461,-171.123496,59.9999897
3.413721917874382,-173.1228093,59.9999897
3.409474037347649,-175.1221224,59.9999897
3.4055098392569327,-177.1214339,59.9999897
3.4018011459148547,-179.1207451,59.9999897
3.3983125155931413,-181.1200562,59.9999897
3.394999751298517,-183.1193661,59.9999897
3.3918089882427855,-185.1186761,59.9999897
3.3886766124656345,-187.1179862,59.9999897
3.3855287595528862,-189.117296,59.9999897
3.3822797151790995,-191.1166064,59.9999897
3.3788326220617293,-193.1159175,59.9999897
3.375078978267794,-195.1152296,59.9999897
3.3708975446320326,-197.1145429,59.9999897
3.3661549426956845,-199.1138574,59.9999897
3.360706148459019,-201.1131738,59.9999897
3.354393905005925,-203.1124915,59.9999897
3.3470498098771486,-205.1118102,59.9999897
3.338495907696181,-207.1111298,59.9999897
3.328544497715369,-209.110449,59.9999897
3.317001307154877,-211.1097676,59.9999897
3.3036670061802647,-213.1090815,59.9999897
3.2883396609740547,-215.1083902,59.9999898
3.270818230228954,-217.1076936,59.9999898
3.2509052087302734,-219.1069792,59.9999898
3.2284117708833286,-221.1062508,59.9999898
3.2031615433513223,-223.105508,59.9999898
3.174994473911454,-225.104726,59.9999898
3.1437742182799293,-227.103917,59.9999898
3.1093920400497232,-229.1030808,59.9999898
3.0717725963596854,-231.1021781,59.9999898
3.030882033957324,-233.1012348,59.9999897
2.9867335629505436,-235.1002508,59.9999897
2.939393320382711,-237.0991777,59.9999896
2.8889915082727144,-239.0980567,59.9999896
2.835727637230748,-241.096888,59.9999895
2.7798770930903567,-243.0956296,59.9999894
2.7218038834822167,-245.0943328,59.9999893
2.661963646613554,-247.0929978,59.9999893
2.6009062564425927,-249.091615,59.9999893
2.5392865005883922,-251.0902272,59.9999894
2.477853140400784,-253.0888353,59.9999896
2.4174393993715926,-255.087483,59.9999898
2.35895714670028,-257.0861736,59.9999901
2.303361900373558,-259.0849123,59.9999904
2.2516281302419445,-261.0837845,59.9999905
2.2047130876149446,-263.0827077,59.9999906
2.163495527597875,-265.0817421,59.9999801
