-6.8769548,-265.0810098,40.0
-6.8255534,-267.0797784,40.0
-6.7637077,-269.0784414,40.0
-6.6911748,-271.0770746,40.0
-6.6078441,-273.0747316,40.0
-6.5135925,-275.072178,40.0
-6.4083557,-277.0693378,40.0
-6.2921378,-279.0653628,40.0
-6.1648717,-281.0609925,40.0
-6.0265446,-283.0561046,40.0
-5.8771991,-285.0499567,40.0
-5.7167786,-287.0432053,40.0
-5.5452849,-289.0356982,40.0
-5.3627641,-291.0268346,40.0
-5.1691484,-293.0171473,40.0
-4.9644662,-295.0064478,40.0
-4.7488284,-296.9942272,40.0
-4.5222375,-298.9810018,40.0
-4.2846583,-300.9667052,40.0
-4.0360251,-302.9506981,40.0
-3.7762068,-304.9335424,40.0
-3.5052231,-306.9148303,40.0
-3.2230528,-308.8945091,40.0
-2.9296627,-310.8726075,40.0
-2.6250563,-312.8489099,40.0
-2.3091737,-314.8236229,40.0
-1.9820517,-316.7963495,40.0
-1.643666,-318.7671016,40.0
-1.2939409,-320.7361818,40.0
-0.9329703,-322.7029139,40.0
-0.5606945,-324.667537,40.0
-0.1770369,-326.6303044,40.0
0.2180398,-328.5904094,40.0
0.6247558,-330.5482068,40.0
1.0430887,-332.5038521,40.0
1.4727784,-334.4566221,40.0
1.9138653,-336.4069803,40.0
2.3664016,-338.3549562,40.0
2.830276,-340.2999081,40.0
3.3056115,-342.2422151,40.0
3.792451,-344.1818842,40.0
4.2906863,-346.1183379,40.0
4.8004361,-348.0519001,40.0
5.3217442,-349.9825831,40.0
5.8545005,-351.9098419,40.0
6.3988173,-353.8339534,40.0
6.9547459,-355.7549549,40.0
7.522168,-357.6723079,40.0
8.1011896,-359.586249,40.0
8.6918759,-361.4968588,40.0
9.2940931,-363.4035819,40.0
9.9079401,-365.3066185,40.0
10.5335043,-367.2061124,40.0
11.1706282,-369.1014697,40.0
11.8194015,-370.9928529,40.0
12.479945,-372.8804946,40.0
13.1520675,-374.7637395,40.0
13.8358456,-376.6427057,40.0
14.5314494,-378.5177479,40.0
15.2386421,-380.3881242,40.0
15.9574798,-382.253895,40.0
16.6882038,-384.1155797,40.0
17.430518,-385.9723238,40.0
18.1844456,-387.8241047,40.0
18.9503282,-389.6716543,40.0
19.7277768,-391.5139369,40.0
20.5168292,-393.3509794,40.0
21.3178208,-395.1834908,40.0
22.1303899,-397.0105654,40.0
22.9545935,-398.8322683,40.0
23.7906008,-400.6488971,40.0
24.6382306,-402.4599791,40.0
25.4975216,-404.2655244,40.0
26.3685097,-406.0655313,40.0
27.2511343,-407.8597967,40.0
28.1454477,-409.6483483,40.0
29.051385,-411.4309785,40.0
29.9689323,-413.2075857,40.0
30.8981956,-414.9782936,40.0
31.8390328,-416.7427746,40.0
32.7914173,-418.5009678,40.0
33.7554876,-420.2530508,40.0
34.7310847,-421.9986139,40.0
35.7182399,-423.7375927,40.0
36.7170324,-425.4700333,40.0
37.7273791,-427.1957103,40.0
38.7492886,-428.914556,40.0
39.7827644,-430.6264955,40.0
40.8277558,-432.331366,40.0
41.8843326,-434.0292018,40.0
42.9523936,-435.7197623,40.0
44.0318929,-437.4029016,40.0
45.1230215,-439.0788391,40.0
46.2255438,-440.7471362,40.0
47.3393843,-442.4076092,40.0
48.4649244,-444.0607371,40.0
49.6017513,-445.7058025,40.0
50.7498676,-447.3427495,40.0
51.9095822,-448.9719856,40.0
53.0805471,-450.5929662,40.0
54.2627126,-452.2055701,40.0
55.4563143,-453.810059,40.0
56.6611224,-455.4060648,40.0
57.8770485,-456.9934221,40.0
59.1042492,-458.5722866,40.0
60.3425869,-460.1424337,40.0
61.5919366,-461.7036672,40.0
62.8523851,-463.2560608,40.0
64.1238652,-464.799498,40.0
65.4062268,-466.3337698,40.0
66.6994998,-467.8588885,40.0
68.0036633,-469.3748055,40.0
69.31856,-470.881316,40.0
70.6441809,-472.3783896,40.0
71.9805236,-473.8660007,40.0
73.3274446,-475.343967,40.0
74.6849142,-476.8122359,40.0
76.0529088,-478.2707638,40.0
77.4313137,-479.7194176,40.0
78.8200857,-481.1581536,40.0
80.219127,-482.5868874,40.0
81.6283518,-484.0055708,40.0
83.047688,-485.4141962,40.0
84.4769553,-486.8126745,40.0
85.9160574,-488.2010208,40.0
87.3649192,-489.5792757,40.0
88.823329,-490.9473442,40.0
90.2911695,-492.3052048,40.0
91.7684671,-493.6529699,40.0
93.2549904,-494.9904984,40.0
94.7506029,-496.3176993,40.0
96.2554133,-497.6346632,40.0
97.7692772,-498.9412297,40.0
99.2920121,-500.2371895,40.0
100.8238097,-501.5226383,40.0
102.3645824,-502.7974255,40.0
103.914063,-504.0612567,40.0
105.4724921,-505.3142581,40.0
107.0398149,-506.5563172,40.0
108.615663,-507.7870886,40.0
110.2003073,-509.0067402,40.0
111.7936835,-510.2151837,40.0
113.3954197,-511.4121137,40.0
115.0057146,-512.5976666,40.0
116.6245179,-513.7717982,40.0
118.2514832,-514.9342635,40.0
119.8867139,-516.0851538,40.0
121.5301838,-517.2244724,40.0
123.1815722,-518.3520297,40.0
124.8408963,-519.4678786,40.0
126.5081561,-520.5720626,40.0
128.18306,-521.6644363,40.0
129.8655517,-522.745014,40.0
131.555665,-523.8138634,40.0
133.2531442,-524.8708645,40.0
134.9578752,-525.9159831,40.0
136.6699342,-526.9492912,40.0
138.3891078,-527.970675,40.0
140.1152334,-528.9800451,40.0
141.8484312,-529.9774673,40.0
143.5885274,-530.9628284,40.0
145.3353104,-531.9359915,40.0
147.0889363,-532.8970214,40.0
148.8492622,-533.8458135,40.0
150.6160211,-534.7822007,40.0
152.3893963,-535.7062579,40.0
154.1692673,-536.6178999,40.0
155.9553065,-537.5169444,40.0
157.7477204,-538.4034851,40.0
159.546407,-539.2774632,40.0
161.3509736,-540.1386891,40.0
163.1616517,-540.9872811,40.0
164.9783539,-541.8232076,40.0
166.8006279,-542.6462806,40.0
168.6287252,-543.456641,40.0
170.4625591,-544.2542787,40.0
172.3016701,-545.0390328,40.0
174.1462788,-545.8110431,40.0
175.9963223,-546.5703297,40.0
177.8513276,-547.3167542,40.0
179.7114925,-548.0504577,40.0
181.5767829,-548.7714884,40.0
183.4467061,-549.4797247,40.0
185.3214441,-550.17531,40.0
187.2009981,-550.8583176,40.0
189.0848479,-551.5286375,40.0
190.9731684,-552.1864137,40.0
192.8660016,-552.8317423,40.0
194.7627945,-553.4645094,40.0
196.6637167,-554.0848144,40.0
198.5689059,-554.6927674,4
200.4777149,-555.2882571,40.0
202.3903397,-555.8714463,40.0
204.3069629,-556.4424606,40.0
206.2268664,-557.00114,40.0
208.1502965,-557.5476064,40.0
210.0774821,-558.0819602,40.0
212.0076602,-558.6040215,40.0
213.9411114,-559.1138934,40.0
215.8780861,-559.6116575,40.0
217.8177829,-560.0971244,40.0
219.7605241,-560.5703921,40.0
221.7065575,-561.031527,40.0
223.655048,-561.4803381,40.0
225.6063746,-561.9169195,40.0
227.560758,-562.3413201,40.0
229.5173363,-562.7533576,40.0
231.4765542,-563.1531345,40.0
233.4385835,-563.5406879,40.0
235.4025444,-563.9158522,40.0
237.3689545,-564.2787364,40.0
239.3379201,-564.6293629,40.0
241.3085592,-564.9675832,40.0
243.2814593,-565.2935084,40.0
245.2566497,-565.6071461,40.0
247.2332666,-565.908369,40.0
249.2119543,-566.1972855,40.0
251.1926559,-566.4738906,40.0
253.1745549,-566.7380808,40.0
255.1583107,-566.9899586,40.0
257.1437887,-567.2294408,40.0
259.1305492,-567.4563438,40.0
261.1189614,-567.6706189,40.0
263.1082588,-567.8722581,40.0
265.0993139,-568.0615651,40.0
267.091105,-568.2384711,40.0
269.0837443,-568.402987,40.0
271.0780817,-568.5552066,40.0
273.0727545,-568.6950639,40.0
275.0680756,-568.822646,40.0
277.0649537,-568.9380915,40.0
279.0617653,-569.0414266,40.0
281.0590682,-569.1328487,40.0
283.0577114,-569.2126035,40.0
285.0559815,-569.280906,40.0
287.0545506,-569.3381479,40.0
289.0542022,-569.3848312,40.0
291.0528797,-569.4217466,40.0
293.0521339,-569.4497955,40.0
295.0514364,-569.4696772,40.0
297.0510848,-569.4821561,40.0
299.0508361,-569.4881562,40.0
301.0503534,-569.4888051,40.0
303.0500525,-569.4852014,40.0
305.04982,-569.478367,40.0
307.0492967,-569.4692161,40.0
309.0489901,-569.4585011,40.0
311.0487447,-569.4468308,40.0
313.048201,-569.4346663,40.0
315.0478849,-569.4223241,40.0
317.0476392,-569.410024,40.0
319.0470819,-569.3978952,40.0
321.0468433,-569.3859546,40.0
323.0465777,-569.3741668,40.0
325.0462555,-569.3624796,40.0
327.045913,-569.3509295,40.0
329.0455309,-569.3395417,40.0
331.0451737,-569.3282818,40.0
333.0448137,-569.3171206,40.0
335.0444432,-569.3060368,40.0
337.0440917,-569.2950168,40.0
339.0437277,-569.2840572,40.0
341.0433599,-569.2731628,40.0
343.0430102,-569.2623455,40.0
345.0426469,-569.2516242,40.0
347.0422809,-569.2410217,40.0
349.0419334,-569.2305647,40.0
351.0415723,-569.2202825,40.0
353.0412089,-569.2102054,40.0
355.0408648,-569.2003648,40.0
357.0405071,-569.1907927,40.0
359.0401475,-569.181521,40.0
361.0398081,-569.1725814,40.0
363.0394548,-569.1640066,40.0
365.0390997,-569.1558293,40.0
367.0387657,-569.1480834,40.0
369.0384174,-569.1408051,40.0
371.0380672,-569.134033,40.0
373.0377392,-569.1278097,40.0
375.037396,-569.1221835,40.0
377.0370508,-569.117209,40.0
379.0367285,-569.112949,40.0
381.0363899,-569.1094766,40.0
383.0360488,-569.1068755,40.0
385.0357309,-569.1052412,40.0
387.0353949,-569.1046826,40.0
389.0350551,-569.1053199,40.0
391.0347372,-569.1072839,40.0
393.034398,-569.1107128,40.0
395.0340517,-569.1157465,40.0
397.0337233,-569.122521,40.0
399.0333684,-569.1311561,40.0
401.0330003,-569.1417451,40.0
403.0326441,-569.1543413,40.0
405.0322552,-569.1689339,40.0
407.0318466,-569.1854347,40.0
409.0314498,-569.2036568,40.0
411.031019,-569.2232784,40.0
413.0305705,-569.2438364,40.0
415.0301551,-569.264703,40.0
417.0297164,-569.2850609,40.0
419.0292794,-569.3039338,40.0
421.0289131,-569.3201963,40.0
423.0285324,-569.3326255,40.0
425.0281673,-569.3399803,40.0
427.0278568,-569.3410563,40.0
429.0274958,-569.3347647,40.0
431.0270985,-569.3201511,40.0
433.0266158,-569.2964151,40.0
435.0259838,-569.2629136,40.0
437.0251824,-569.219126,40.0
439.0240527,-569.164647,40.0
441.0226384,-569.0991576,40.0
443.0208744,-569.0224049,40.0
445.0184832,-568.9342005,40.0
447.0156667,-568.8343872,40.0
449.0123005,-568.7228311,40.0
451.0080555,-568.5994135,40.0
453.003151,-568.4640439,40.0
454.9974563,-568.3166923,40.0
456.9905275,-568.1573839,40.0
458.98284,-567.9860746,40.0
460.9742587,-567.8027398,40.0
462.9640094,-567.6074223,40.0
464.9526793,-567.4002723,40.0
466.9406764,-567.1816143,40.0
468.9259741,-566.9520486,40.0
470.9116389,-566.7107776,40.0
472.895671,-566.4575326,40.0
474.8774371,-566.1922715,40.0
476.8582579,-565.9147606,40.0
478.8369355,-565.6251275,40.0
480.8140269,-565.3232451,40.0
482.7889877,-565.0090795,40.0
484.7618863,-564.682543,40.0
486.7332839,-564.3435957,40.0
488.701443,-563.9925747,40.0
490.6680608,-563.6291729,40.0
492.6327923,-563.2533989,40.0
494.5936417,-562.8656572,40.0
496.5531562,-562.4651722,40.0
498.5097508,-562.0513075,40.0
500.4622698,-561.6241264,40.0
502.4128831,-561.1836112,40.0
504.360432,-560.7306715,40.0
506.3049495,-560.2654701,40.0
508.2466885,-559.7878263,40.0
510.1851372,-559.2978205,40.0
512.1208355,-558.795481,40.0
514.053274,-558.2812227,40.0
515.9827016,-557.7551968,40.0
517.9086337,-557.2171387,40.0
519.8310008,-556.6665752,40.0
521.7498133,-556.1034593,40.0
523.6647952,-555.5278378,40.0
525.5759842,-554.9396506,40.0
527.4833803,-554.3388662,40.0
529.3866063,-553.7255698,40.0
531.2857652,-553.099693,40.0
533.1808982,-552.4611845,40.0
535.0715451,-551.8101636,40.0
536.9578182,-551.1465566,40.0
538.8398367,-550.4702815,40.0
540.7170567,-549.781496,40.0
542.5895735,-549.0801299,40.0
544.4576118,-548.3660577,40.0
546.3205405,-547.6394814,40.0
548.1784168,-546.9003441,40.0
550.0315948,-546.1484628,40.0
551.8793541,-545.38409,40.0
553.7216948,-544.6071919,40.0
555.5591198,-543.8175144,40.0
557.3908194,-543.0153647,40.0
559.2167218,-542.200742,40.0
561.0374898,-541.3733088,40.0
562.8522282,-540.5334307,40.0
564.6608449,-539.6811189,40.0
566.4639824,-538.8160306,40.0
568.2608546,-537.9385038,40.0
570.0512922,-537.0485723,40.0
571.8357824,-536.1459212,40.0
573.6137138,-535.2307932,40.0
575.3850842,-534.3031942,40.0
577.1500182,-533.3630878,40.0
578.9082754,-532.4105814,40.0
580.6597034,-531.4457405,40.0
582.4043341,-530.4685373,40.0
584.1420316,-529.4790396,40.0
585.8726677,-528.4773192,40.0
587.5962096,-527.4633993,40.0
589.3125607,-526.437344,40.0
591.0216277,-525.3992203,40.0
592.7233513,-524.3490756,40.0
594.4176234,-523.286987,40.0
596.1043898,-522.2129958,40.0
597.7835806,-521.1271486,40.0
599.4550431,-520.0295427,40.0
601.1187619,-518.9201824,40.0
602.7746635,-517.7991088,40.0
604.4225601,-516.6664442,40.0
606.0624655,-515.5221806,40.0
607.6943144,-514.3663743,40.0
609.3179404,-513.1991668,40.0
610.9333536,-512.0205858,40.0
612.5405147,-510.8306977,40.0
614.1392854,-509.6296454,40.0
615.7296496,-508.4174814,40.0
617.3115809,-507.1942614,40.0
618.8849594,-505.9601089,40.0
620.4497321,-504.7150898,40.0
622.0058799,-503.4592352,40.0
623.5532885,-502.1926552,40.0
625.0919218,-500.9153999,40.0
626.6216624,-499.6275427,40.0
628.1424192,-498.3291211,40.0
629.6541442,-497.020145,40.0
631.1567078,-495.700698,40.0
632.6500314,-494.3708211,40.0
634.1340653,-493.03053,40.0
635.6086797,-491.6799153,40.0
637.0737948,-490.3190277,40.0
638.5293703,-488.9478846,40.0
639.9752849,-487.5665855,40.0
641.4114669,-486.1751898,40.0
642.837871,-484.7737368,40.0
644.2544029,-483.3623203,40.0
645.6609968,-481.9410123,40.0
647.0576044,-480.5098729,40.0
648.4441533,-479.068992,40.0
649.8205858,-477.618449,40.0
651.1868511,-476.1583196,40.0
652.5428889,-474.6886923,40.0
653.8886502,-473.2096445,40.0
655.2240802,-471.7212604,40.0
656.5491172,-470.2236303,40.0
657.8637208,-468.7168188,40.0
659.167831,-467.2009092,40.0
660.4613694,-465.6760028,40.0
661.7443061,-464.1421401,40.0
663.0165788,-462.5993955,40.0
664.2780786,-461.0478968,40.0
665.5287906,-459.4876538,40.0
666.7686585,-457.9187181,40.0
667.9975183,-456.3412762,40.0
669.2154058,-454.7552756,40.0
670.4222602,-453.1607862,40.0
671.6179165,-451.5580158,40.0
672.8024006,-449.9469191,40.0
673.9756559,-448.3275626,40.0
675.1375474,-446.7001265,40.0
676.2880723,-445.0646132,40.0
677.4271919,-443.4210774,40.0
678.5547969,-441.7696817,40.0
679.6708643,-440.11047,40.0
680.7753721,-438.443487,40.0
681.8682332,-436.7688809,40.0
682.9494093,-435.0867311,40.0
684.0188931,-433.3970725,40.0
685.0766153,-431.7000399,40.0
686.1225249,-429.9957451,40.0
687.156627,-428.2842106,40.0
688.1788673,-426.5655586,40.0
689.1891818,-424.8399325,40.0
690.1875884,-423.1073394,40.0
691.1740464,-421.367888,40.0
692.1484786,-419.6217586,40.0
693.110919,-417.8689384,40.0
694.0613435,-416.1095212,40.0
694.999661,-414.3437358,40.0
695.9259288,-412.5715427,40.0
696.84014,-410.7930293,40.0
697.7422061,-409.0084565,40.0
698.6322002,-407.2177825,40.0
699.5101396,-405.4210844,40.0
700.3759531,-403.618638,40.0
701.2297202,-401.8104256,40.0
702.0714914,-399.9964975,40.0
702.9012125,-398.1771445,40.0
703.7189628,-396.3523805,40.0
704.5248241,-394.5222132,40.0
705.318751,-392.6869408,40.0
706.1008039,-390.8466209,40.0
706.871085,-389.0011947,40.0
707.6295425,-387.1509557,40.0
708.3761921,-385.2960229,40.0
709.1111463,-383.4362458,40.0
709.8343375,-381.5719024,40.0
710.5457212,-379.7032016,40.0
711.2454236,-377.8298808,40.0
711.9333688,-375.9521967,40.0
712.6094549,-374.0704866,40.0
713.2738378,-372.1843572,40.0
713.9264419,-370.2940394,40.0
714.5671021,-368.4000317,40.0
715.1960067,-366.5017872,40.0
715.8130875,-364.5995071,40.0
716.4181267,-362.6938855,40.0
717.0113588,-360.7842031,40.0
717.5927297,-358.8706312,40.0
718.1619707,-356.9540817,40.0
718.7193594,-355.0336421,40.0
719.2648493,-353.1094563,40.0
719.798123,-351.1826623,40.0
720.3195004,-349.2521421,40.0
720.8289071,-347.3180186,40.0
721.3259281,-345.3816411,40.0
721.8109223,-343.4416302,40.0
722.2838655,-341.498224,40.0
722.7444791,-339.5528384,40.0
723.1931176,-337.6040602,40.0
723.6297007,-335.6522295,40.0
724.0539804,-333.6985273,40.0
724.4662397,-331.7417127,40.0
724.8664001,-329.7821808,40.0
725.2542931,-327.8208369,40.0
725.6301307,-325.8566874,40.0
725.9938389,-323.8901636,40.0
726.3453254,-321.9218604,40.0
726.6847296,-319.9510913,40.0
727.0119827,-317.9782673,40.0
727.3270156,-316.0036538,40.0
727.6297589,-314.0268565,40.0
727.9200949,-312.0483569,40.0
728.1981977,-310.0679989,40.0
728.4640908,-308.0861021,40.0
728.7177978,-306.1026063,40.0
728.9593284,-304.1173839,40.0
729.1886121,-302.1309971,40.0
729.4056854,-300.1431278,40.0
729.6105507,-298.1537194,40.0
729.8031355,-296.1635603,40.0
729.9835241,-294.171963,40.0
730.1517283,-292.1790857,40.0
730.3077203,-290.1858487,40.0
730.4516437,-288.1912148,40.0
730.5835515,-286.1955736,40.0
730.703578,-284.2000401,40.0
730.812087,-282.2032448,40.0
730.9093189,-280.2061162,40.0
730.9953912,-278.2084749,40.0
731.0704127,-276.2101881,40.0
731.1347414,-274.2115307,40.0
731.1888327,-272.212663,40.0
731.2332334,-270.2134836,40.0
731.2686046,-268.2141382,40.0
731.2957253,-266.2146703,40.0
731.3154757,-264.2151041,40.0
731.3288336,-262.215497,40.0
731.3368309,-260.2158344,40.0
731.3405098,-258.2161756,40.0
731.3408746,-256.2165216,40.0
731.3388329,-254.2168346,40.0
731.3351757,-252.2171751,40.0
731.3305434,-250.2175241,40.0
731.3254268,-248.2178421,40.0
731.3201864,-246.2181853,40.0
731.3150546,-244.2185346,40.0
731.3101647,-242.2188535,40.0
731.3055767,-240.2191945,40.0
731.3012922,-238.2195411,40.0
731.2972787,-236.2198595,40.0
731.2934857,-234.2201983,40.0
731.2898547,-232.2205428,40.0
731.2863305,-230.2208615,40.0
731.2828644,-228.2211993,40.0
731.2794183,-226.2215422,40.0
731.275965,-224.2218627,40.0
731.2724866,-222.2222009,40.0
731.2689732,-220.2225387,40.0
731.2654155,-218.2228545,40.0
731.2618106,-216.2231868,40.0
731.2581706,-214.2235155,40.0
731.2545065,-212.2238534,40.0
731.2508267,-210.2241872,40.0
731.2471373,-208.2245201,40.0
731.2434434,-206.2248565,40.0
731.239749,-204.2251904,40.0
731.2360568,-202.2255236,40.0
731.2323687,-200.2258598,40.0
731.2286854,-198.2261938,40.0
731.2250073,-196.2265269,40.0
731.2213341,-194.2268631,40.0
731.2176652,-192.227197,40.0
731.2140002,-190.2275302,40.0
731.2103384,-188.2278662,40.0
731.2066793,-186.2282002,40.0
731.2030224,-184.2285334,40.0
731.1993674,-182.2288693,40.0
731.1957142,-180.2292033,40.0
731.1920626,-178.2295366,40.0
731.1884126,-176.2298724,40.0
731.1847643,-174.2302064,40.0
731.1811178,-172.2305397,40.0
731.1774732,-170.2308755,40.0
731.1738307,-168.2312095,40.0
731.1701903,-166.2315429,40.0
731.1665522,-164.2318785,40.0
731.1629165,-162.2322125,40.0
731.1592833,-160.2325459,40.0
731.1556526,-158.2328815,40.0
731.1520244,-156.2332155,40.0
731.1483989,-154.233549,40.0
731.144776,-152.2338845,40.0
731.1411558,-150.2342185,40.0
731.1375384,-148.234552,40.0
731.1339236,-146.2348874,40.0
731.1303116,-144.2352214,40.0
731.1267024,-142.2355549,40.0
731.123096,-140.2358902,40.0
731.1194924,-138.2362243,40.0
731.1158916,-136.2365578,40.0
731.1122936,-134.236893,40.0
731.1086986,-132.2372271,40.0
731.1051064,-130.2375607,40.0
731.1015171,-128.2378958,40.0
731.0979308,-126.2382299,40.0
731.0943474,-124.2385635,40.0
731.090767,-122.2388985,40.0
731.0871895,-120.2392326,40.0
731.083615,-118.2395662,40.0
731.0800436,-116.2399012,40.0
731.0764751,-114.2402352,40.0
731.0729097,-112.240569,40.0
731.0693473,-110.2409038,40.0
731.0657879,-108.2412379,40.0
731.0622316,-106.2415716,40.0
731.0586784,-104.2419064,40.0
731.0551282,-102.2422404,40.0
731.0515811,-100.2425742,40.0
731.0480371,-98.2429089,40.0
731.0444961,-96.2432429,40.0
731.0409582,-94.2435768,40.0
731.0374237,-92.2439117,40.0
731.0338928,-90.2442459,40.0
731.0303654,-88.2445804,40.0
731.0268413,-86.2449144,40.0
731.0233204,-84.2452485,40.0
731.0198025,-82.2455827,40.0
731.0162877,-80.2459167,40.0
731.0127761,-78.2462508,40.0
731.0092675,-76.246585,40.0
731.0057621,-74.2469189,40.0
731.0022598,-72.247253,40.0
730.9987606,-70.2475872,40.0
730.9952645,-68.2479211,40.0
730.9917715,-66.2482552,40.0
730.9882817,-64.2485894,40.0
730.9847949,-62.2489232,40.0
730.9813113,-60.2492573,40.0
730.9778307,-58.2495915,40.0
730.9743533,-56.2499253,40.0
730.9708789,-54.2502594,40.0
730.9674077,-52.2505935,40.0
730.9639396,-50.2509274,40.0
730.9604745,-48.2512614,40.0
730.9570126,-46.2515955,40.0
730.9535537,-44.2519294,40.0
730.9500979,-42.2522634,40.0
730.9466452,-40.2525975,40.0
730.9431956,-38.2529313,40.0
730.9397491,-36.2532653,40.0
730.9363056,-34.2535994,40.0
730.9328652,-32.2539333,40.0
730.9294279,-30.2542672,40.0
730.9259936,-28.2546013,40.0
730.9225624,-26.2549351,40.0
730.9191342,-24.2552691,40.0
730.9157091,-22.2556031,40.0
730.912287,-20.2559369,40.0
730.9088679,-18.2562709,40.0
730.9054519,-16.2566049,40.0
730.9020389,-14.2569387,40.0
730.8986289,-12.2572726,40.0
730.8952219,-10.2576066,40.0
730.891818,-8.2579404,40.0
730.888417,-6.2582743,40.0
730.8850191,-4.2586083,40.0
730.8816241,-2.2589421,40.0
730.8782321,-0.259276,40.0
730.8748431,1.7403901,40.0
730.871457,3.7400563,40.0
730.868074,5.7397224,40.0
730.8646939,7.7393885,40.0
730.8613167,9.7390547,40.0
730.8579425,11.7387209,40.0
730.8545713,13.7383869,40.0
730.851203,15.7380532,40.0
730.8478376,17.7377193,40.0
730.8444752,19.7373854,40.0
730.8411156,21.7370517,40.0
730.837759,23.7367179,40.0
730.8344053,25.736384,40.0
730.8310545,27.7360502,40.0
730.8277066,29.7357164,40.0
730.8243616,31.7353826,40.0
730.8210195,33.7350488,40.0
730.8176802,35.734715,40.0
730.8143438,37.7343812,40.0
730.8110103,39.7340475,40.0
730.8076797,41.7337137,40.0
730.8043519,43.7333799,40.0
730.801027,45.7330461,40.0
730.7977049,47.7327124,40.0
730.7943856,49.7323786,40.0
730.7910692,51.7320449,40.0
730.7877556,53.7317111,40.0
730.7844448,55.7313773,40.0
730.7811368,57.7310436,40.0
730.7778317,59.7307099,40.0
730.7745293,61.7303761,40.0
730.7712298,63.7300424,40.0
730.767933,65.7297087,40.0
730.764639,67.729375,40.0
730.7613478,69.7290413,40.0
730.7580594,71.7287076,40.0
730.7547738,73.7283739,40.0
730.7514909,75.7280402,40.0
730.7482107,77.7277065,40.0
730.7449334,79.7273728,40.0
730.7416587,81.7270391,40.0
730.7383869,83.7267054,40.0
730.7351177,85.7263718,40.0
730.7318513,87.7260381,40.0
730.7285876,89.7257044,40.0
730.7253266,91.7253708,40.0
730.7220684,93.7250371,40.0
730.7188129,95.7247034,40.0
730.71556,97.7243698,40.0
730.7123099,99.7240362,40.0
730.7090625,101.7237025,40.0
730.7058178,103.7233689,40.0
730.7025757,105.7230352,40.0
730.6993363,107.7227016,40.0
730.6960997,109.722368,40.0
730.6928657,111.7220344,40.0
730.6896343,113.7217008,40.0
730.6864057,115.7213672,40.0
730.6831797,117.7210335,40.0
730.6799563,119.7206999,40.0
730.6767356,121.7203664,40.0
730.6735176,123.7200328,40.0
730.6703022,125.7196992,40.0
730.6670894,127.7193656,40.0
730.6638793,129.719032,40.0
730.6606718,131.7186984,40.0
730.657467,133.7183649,40.0
730.6542647,135.7180313,40.0
730.6510651,137.7176977,40.0
730.6478682,139.7173642,40.0
730.6446738,141.7170306,40.0
730.641482,143.7166971,40.0
730.6382929,145.7163636,40.0
730.6351064,147.71603,40.0
730.6319224,149.7156964,40.0
730.6287411,151.715363,40.0
730.6255624,153.7150294,40.0
730.6223863,155.7146958,40.0
730.6192127,157.7143624,40.0
730.6160418,159.7140288,40.0
730.6128734,161.7136953,40.0
730.6097077,163.7133618,40.0
730.6065445,165.7130283,40.0
730.6033838,167.7126948,40.0
730.6002258,169.7123613,40.0
730.5970703,171.7120278,40.0
730.5939174,173.7116943,40.0
730.5907671,175.7113609,40.0
730.5876194,177.7110273,40.0
730.5844742,179.7106938,40.0
730.5813316,181.7103604,40.0
730.5781916,183.7100269,40.0
730.5750542,185.7096934,40.0
730.5719193,187.70936,40.0
730.5687869,189.7090265,40.0
730.5656572,191.708693,40.0
730.56253,193.7083596,40.0
730.5594053,195.7080261,40.0
730.5562833,197.7076927,40.0
730.5531638,199.7073593,40.0
730.5500468,201.7070258,40.0
730.5469325,203.7066924,40.0
730.5438206,205.706359,40.0
730.5407114,207.7060255,40.0
730.5376047,209.7056921,40.0
730.5345006,211.7053587,40.0
730.531399,213.7050253,40.0
730.5283001,215.7046918,40.0
730.5252036,217.7043585,40.0
730.5221098,219.704025,40.0
730.5190185,221.7036916,40.0
730.5159298,223.7033583,40.0
730.5128437,225.7030249,40.0
730.5097601,227.7026915,40.0
730.5066792,229.7023581,40.0
730.5036008,231.7020247,40.0
730.500525,233.7016913,40.0
730.4974518,235.701358,40.0
730.4943811,237.7010246,40.0
730.4913131,239.7006913,40.0
730.4882476,241.7003579,40.0
730.4851848,243.7000245,40.0
730.4821246,245.6996912,40.0
730.4790669,247.6993579,40.0
730.4760119,249.6990245,40.0
730.4729595,251.6986912,40.0
730.4699098,253.6983579,40.0
730.4668626,255.6980245,40.0
730.4638181,257.6976912,40.0
730.4607762,259.6973579,40.0
730.457737,261.6970245,40.0
730.4547004,263.6966912,40.0
730.4516665,265.6963579,40.0
730.4486352,267.6960246,40.0
730.4456067,269.6956913,40.0
730.4425808,271.695358,40.0
730.4395575,273.6950247,40.0
730.436537,275.6946914,40.0
730.4335192,277.6943582,40.0
730.4305041,279.6940249,40.0
730.4274917,281.6936916,40.0
730.4244821,283.6933583,40.0
730.4214752,285.6930251,40.0
730.418471,287.6926918,40.0
730.4154697,289.6923585,40.0
730.4124711,291.6920253,40.0
730.4094752,293.691692,40.0
730.4064822,295.6913588,40.0
730.403492,297.6910255,40.0
730.4005046,299.6906923,40.0
730.3975201,301.690359,40.0
730.3945384,303.6900258,40.0
730.3915596,305.6896926,40.0
730.3885837,307.6893594,40.0
730.3856106,309.6890262,40.0
730.3826405,311.688693,40.0
730.3796734,313.6883597,40.0
730.3767092,315.6880265,40.0
730.3737479,317.6876933,40.0
730.3707897,319.6873601,40.0
730.3678344,321.6870269,40.0
730.3648822,323.6866938,40.0
730.3619331,325.6863606,40.0
730.358987,327.6860274,40.0
730.356044,329.6856942,40.0
730.3531041,331.685361,40.0
730.3501674,333.6850279,40.0
730.3472339,335.6846947,40.0
730.3443036,337.6843616,40.0
730.3413765,339.6840284,40.0
730.3384526,341.6836953,40.0
730.3355321,343.6833621,40.0
730.3326148,345.683029,40.0
730.329701,347.6826959,40.0
730.3267905,349.6823627,40.0
730.3238834,351.6820296,40.0
730.3209797,353.6816965,40.0
730.3180796,355.6813634,40.0
730.315183,357.6810303,40.0
730.3122899,359.6806972,40.0
730.3094005,361.6803641,40.0
730.3065147,363.680031,40.0
730.3036326,365.6796979,40.0
730.3007542,367.6793648,40.0
730.2978797,369.6790318,40.0
730.2950089,371.6786987,40.0
730.2921421,373.6783656,40.0
730.2892791,375.6780326,40.0
730.2864202,377.6776996,40.0
730.2835653,379.6773664,40.0
730.2807146,381.6770334,40.0
730.277868,383.6767004,40.0
730.2750256,385.6763673,40.0
730.2721875,387.6760344,40.0
730.2693538,389.6757014,40.0
730.2665245,391.6753683,40.0
730.2636998,393.6750353,40.0
730.2608796,395.6747024,40.0
730.258064,397.6743693,40.0
730.2552532,399.6740364,40.0
730.2524473,401.6737034,40.0
730.2496462,403.6733704,40.0
730.2468502,405.6730375,40.0
730.2440592,407.6727045,40.0
730.2412734,409.6723715,40.0
730.238493,411.6720386,40.0
730.2357179,413.6717057,40.0
730.2329483,415.6713728,40.0
730.2301842,417.67104,40.0
730.2274257,419.6707071,40.0
730.2246731,421.6703743,40.0
730.2219264,423.6700413,40.0
730.2191859,425.6697084,40.0
730.2164516,427.6693756,40.0
730.2137238,429.6690427,40.0
730.2110025,431.6687098,40.0
730.2082879,433.6683771,40.0
730.2055802,435.6680442,40.0
730.2028795,437.6677113,40.0
730.200186,439.6673786,40.0
730.1975,441.6670457,40.0
730.1948215,443.6667129,40.0
730.1921508,445.6663802,40.0
730.1894881,447.6660474,40.0
730.1868336,449.6657146,40.0
730.1841876,451.6653819,40.0
730.1815502,453.6650491,40.0
730.1789217,455.6647163,40.0
730.1763024,457.6643837,40.0
730.1736925,459.664051,40.0
730.1710923,461.6637182,40.0
730.1685021,463.6633857,40.0
730.1659222,465.6630529,40.0
730.1633529,467.6627202,40.0
730.1607945,469.6623877,40.0
730.1582474,471.662055,40.0
730.155712,473.6617223,40.0
730.1531885,475.6613899,40.0
730.1506775,477.6610572,40.0
730.1481793,479.6607246,40.0
730.1456943,481.6603922,40.0
730.143223,483.6600596,40.0
730.1407659,485.659727,40.0
730.1383234,487.6593947,40.0
730.1358961,489.6590621,40.0
730.1334845,491.6587296,40.0
730.1310892,493.6583973,40.0
730.1287108,495.6580648,40.0
730.1263499,497.6577323,40.0
730.1240071,499.6574002,40.0
730.1216832,501.6570677,40.0
730.1193788,503.6567353,40.0
730.1170948,505.6564032,40.0
730.1148318,507.6560708,40.0
730.1125909,509.6557384,40.0
730.1103727,511.6554064,40.0
730.1081784,513.6550741,40.0
730.1060087,515.6547418,40.0
730.1038648,517.6544099,40.0
730.1017477,519.6540776,40.0
730.0996584,521.6537454,40.0
730.0975983,523.6534136,40.0
730.0955685,525.6530814,40.0
730.0935703,527.6527493,40.0
730.091605,529.6524176,40.0
730.0896741,531.6520855,40.0
730.0877791,533.6517535,40.0
730.0859215,535.6514219,40.0
730.0841031,537.6510899,40.0
730.0823254,539.650758,40.0
730.0805904,541.6504266,40.0
730.0789001,543.6500947,40.0
730.0772566,545.6497629,40.0
730.075662,547.6494315,40.0
730.0741187,549.6490998,40.0
730.0726293,551.6487681,40.0
730.0711965,553.6484369,40.0
730.0698231,555.6481052,40.0
730.0685123,557.6477737,40.0
730.0672674,559.6474426,40.0
730.0660918,561.6471111,40.0
730.0649892,563.6467796,40.0
730.0639636,565.6464487,40.0
730.0630189,567.6461173,40.0
730.0621594,569.6457859,40.0
730.0613893,571.6454551,40.0
730.0607129,573.6451238,40.0
730.0601344,575.6447926,40.0
730.059658,577.6444618,40.0
730.0592877,579.6441306,40.0
730.0590272,581.6437994,40.0
730.0588799,583.6434688,40.0
730.0588487,585.6431376,40.0
730.0589364,587.6428064,40.0
730.0591452,589.6424758,40.0
730.0594771,591.6421445,40.0
730.0599343,593.6418133,40.0
730.060519,595.6414826,40.0
730.0612342,597.6411513,40.0
730.0620842,599.6408199,40.0
730.063075,601.640489,40.0
730.0642161,603.6401575,40.0
730.0655206,605.6398259,40.0
730.0670067,607.6394947,40.0
730.0686999,609.6391628,40.0
730.070633,611.6388307,40.0
730.0728488,613.6384988,40.0
730.0754013,615.6381659,40.0
730.0783562,617.6378325,40.0
730.0817925,619.6374988,40.0
730.0858028,621.6371635,40.0
730.090492,623.6368269,40.0
730.0959768,625.6364882,40.0
730.1023827,627.6361467,40.0
730.1098392,629.6358019,40.0
730.1184752,631.6354514,40.0
730.1284091,633.6350957,40.0
730.1397406,635.6347329,40.0
730.1525392,637.6343595,40.0
730.1668251,639.6339779,40.0
730.1825581,641.6335856,40.0
730.1996172,643.6331809,40.0
730.2177716,645.6327688,40.0
730.2366693,647.6323488,40.0
730.2558107,649.6319284,40.0
730.2745186,651.6315112,40.0
730.2919499,653.631103,40.0
730.3070893,655.6307196,40.0
730.3187832,657.6303517,40.0
730.3258129,659.6300055,40.0
730.326953,661.6296684,40.0
730.3210724,663.6293215,40.0
730.3071721,665.6289439,40.0
730.2844278,667.6284516,40.0
730.2522195,669.627825,40.0
730.2100734,671.6270683,40.0
730.1576419,673.6259114,40.0
730.0946494,675.6246242,40.0
730.020909,677.6229927,40.0
729.9363157,679.6207268,40.0
729.8407772,681.6181665,40.0
729.734252,683.6150618,40.0
729.6167273,685.6111126,40.0
729.4881615,687.6067161,40.0
729.3485617,689.6015717,40.0
729.1979442,691.5953942,40.0
729.0362701,693.5885988,40.0
728.8635616,695.5808504,40.0
728.6798429,697.5719238,40.0
728.4850586,699.5621467,40.0
728.2793154,701.5512205,40.0
728.0629075,703.5387209,40.0
727.8356669,705.5256683,40.0
727.5975048,707.5111673,40.0
727.3482749,709.4951547,40.0
727.0878502,711.4780671,40.0
726.8162876,713.4592209,40.0
726.5335139,715.4388863,40.0
726.2395142,717.4169094,40.0
725.9342683,719.3931926,40.0
725.6177234,721.3678591,40.0
725.289944,723.340335,40.0
724.9508076,725.3111942,40.0
724.6003322,727.2801582,40.0
724.2386424,729.24648,40.0
723.8654842,731.2113007,40.0
723.4808473,733.1738311,40.0
723.0845986,735.1333343,40.0
722.6762924,737.0911652,40.0
722.25647,739.0463267,40.0
721.8253624,740.9985417,40.0
721.3827199,742.9488187,40.0
720.9287054,744.8962966,40.0
720.4633384,746.840761,40.0
719.9864207,748.7828705,40.0
719.4980606,750.7220158,40.0
718.9982691,752.6580118,40.0
718.4868959,754.5912849,40.0
717.9640102,756.521413,40.0
717.429627,758.4482055,40.0
716.8836244,760.371954,40.0
716.3260443,762.2923607,40.0
715.7569684,764.2092527,40.0
715.1763676,766.1228796,40.0
714.5842587,768.033044,40.0
713.9806852,769.9392358,40.0
713.3653638,771.8419694,40.0
712.7383573,773.7409295,40.0
712.0997757,775.6356851,40.0
711.4494231,777.5266966,40.0
710.7873377,779.4137365,40.0
710.1136581,781.2963115,40.0
709.4282008,783.174833,40.0
708.730965,785.0491926,40.0
708.022122,786.9188352,40.0
707.3015111,788.7840927,40.0
706.5690756,790.6450059,40.0
705.8250255,792.5009418,40.0
705.0692019,794.3521433,40.0
704.3014783,796.1986931,40.0
703.5220504,798.0400853,40.0
702.730862,799.8764687,40.0
701.9278509,801.7079391,40.0
701.1131652,803.5340771,40.0
700.2867684,805.3548802,40.0
699.448557,807.1704885,40.0
698.5986617,808.9805308,40.0
697.7370669,810.7849589,40.0
696.8636782,812.5838835,40.0
695.9786025,814.376999,40.0
695.0818289,816.1642461,40.0
694.1733073,817.9456409,40.0
693.2530956,819.7209869,40.0
692.321195,821.4902012,40.0
691.3775872,823.2532372,40.0
690.4223017,825.0099597,40.0
689.4553443,826.7602788,40.0
688.4767181,828.5041103,40.0
687.4864407,830.2413448,40.0
686.4845169,831.9718967,40.0
685.4709624,833.6956621,40.0
684.4457959,835.412534,40.0
683.4090172,837.1224371,40.0
682.3606486,838.8252598,40.0
681.3007172,840.5208844,40.0
680.2292165,842.2092479,40.0
679.1461719,843.8902368,40.0
678.0516227,845.5637189,40.0
676.9455553,847.2296413,40.0
675.8280039,848.8878972,40.0
674.6990113,850.5383858,40.0
673.5585944,852.1810212,40.0
672.4068249,853.8156123,40.0
671.2435991,855.442206,40.0
670.0690341,857.0605681,40.0
668.8831682,858.6705854,40.0
667.6859245,860.2722982,40.0
666.4774201,861.8654896,40.0
665.2577163,863.450024,40.0
664.026741,865.0259415,40.0
662.7845956,866.5930607,40.0
661.5313704,868.1512229,40.0
660.2670096,869.7004548,40.0
658.9915855,871.2406269,40.0
657.7052215,872.7715556,40.0
656.4078865,874.2932464,40.0
655.099613,875.8056299,40.0
653.7805583,877.3084982,40.0
652.4507211,878.8018314,40.0
651.1100901,880.2856202,40.0
649.7588559,881.759639,40.0
648.3970508,883.2238458,40.0
647.0246294,884.6782871,40.0
645.6418152,886.122736,40.0
644.2486796,887.5571444,40.0
642.8451703,888.9816069,40.0
641.4315466,890.3959259,40.0
640.0079056,891.8000972,40.0
638.5742824,893.1941997,40.0
637.1309053,894.5781402,40.0
635.6778913,895.9519046,40.0
634.2153082,897.3155028,40.0
632.7433238,898.6688617,40.0
631.2619109,900.0120955,40.0
629.7713161,901.3450413,40.0
628.2716081,902.6676314,40.0
626.7626996,903.979902,40.0
625.2447399,905.2816629,40.0
623.7178539,906.5727337,40.0
622.1818624,907.8531844,40.0
620.6368796,909.1228364,40.0
619.0831439,910.3814195,40.0
617.5204095,911.6290657,40.0
615.9487621,912.8656446,40.0
614.3685798,914.0908136,40.0
612.7795594,915.3047736,40.0
611.1817633,916.5074472,40.0
609.5756908,917.6984469,40.0
607.9610049,918.8780218,40.0
606.3377829,920.0461181,40.0
604.7064945,921.2024163,40.0
603.0669146,922.3471051,40.0
601.4190854,923.4801869,40.0
599.7634393,924.6014075,40.0
598.0998584,925.710898,40.0
596.4283465,926.808705,40.0
594.7492902,927.8946273,40.0
593.0626626,928.9687346,40.0
591.3684244,930.031095,40.0
589.6669055,931.0815375,40.0
587.9581524,932.1200621,40.0
586.2420711,933.1467461,40.0
584.5189544,934.161436,40.0
582.7888736,935.164111,40.0
581.0517892,936.1547616,40.0
579.3078585,937.1332502,40.0
577.5571888,938.0994882,40.0
575.7997259,939.053478,40.0
574.0356107,939.9951156,40.0
572.2649973,940.9242949,40.0
570.4878265,941.8410264,40.0
568.7042212,942.7452287,40.0
566.9143803,943.6367902,40.0
565.1182324,944.5157411,40.0
563.3158893,945.3820258,40.0
561.5076058,946.2355291,40.0
559.6932857,947.0763106,40.0
557.8730272,947.9043428,40.0
556.047161,948.7195025,40.0
554.2155458,949.5218867,40.0
552.3782588,950.311498,40.0
550.5357355,951.0881953,40.0
548.6877619,951.8521205,40.0
546.834408,952.6032971,40.0
544.9761758,953.3415826,40.0
543.1128204,954.0671402,40.0
541.2443761,954.7800211,40.0
539.371423,955.480076,40.0
537.4936812,956.1674861,40.0
535.6111332,956.8423304,40.0
533.7244527,957.5044472,40.0
531.8333167,958.1540337,40.0
529.9376446,958.7911808,40.0
528.0382088,959.4156728,40.0
526.1346256,960.0276513,40.0
524.2266751,960.62728,40.0
522.3153707,961.2143858,40.0
520.4002164,961.7892051,40.0
518.481009,962.3518534,40.0
516.5587614,962.9020856,40.0
514.6329427,963.4400994,40.0
512.7033283,963.9659862,40.0
510.7709465,964.4794944,40.0
508.835234,964.9807987,40.0
506.8959847,965.4699655,40.0
504.9542207,965.9467548,40.0
503.0093438,966.4113315,40.0
501.0611983,966.8637371,40.0
499.1107754,967.3037493,40.0
497.157444,967.7315199,40.0
495.201124,968.1470684,40.0
493.2427456,968.5502075,40.0
491.2816669,968.9410821,40.0
489.3178963,969.3196967,40.0
487.3522628,969.6859043,40.0
485.3841524,970.0398327,40.0
483.4136607,970.381472,40.0
481.4414655,970.7107176,40.0
479.4670416,971.0276703,40.0
477.4905766,971.3323088,40.0
475.5124876,971.6245817,40.0
473.5324664,971.9045469,40.0
471.55074,972.1721831,40.0
469.5674641,972.4274801,40.0
467.5825408,972.670448,40.0
465.5962233,972.9009861,40.0
463.6081999,973.119011,40.0
461.6190894,973.3245232,40.0
459.6289522,973.5176172,40.0
457.6371558,973.6983957,40.0
455.6446987,973.866769,40.0
453.6512793,974.0227623,40.0
451.6564325,974.1664202,40.0
449.6612425,974.2976968,40.0
447.6652489,974.4166801,40.0
445.66808,974.5234686,40.0
443.6708659,974.6181217,40.0
441.6730222,974.7008336,40.0
439.6742754,974.7718299,40.0
437.6757155,974.8313626,40.0
435.6767383,974.8798559,40.0
433.6773168,974.917876,40.0
431.67827,974.9461769,40.0
429.6787411,974.9655446,40.0
427.6792245,974.976636,40.0
425.6794831,974.9803936,40.0
423.6797984,974.9779147,40.0
421.680221,974.9703492,40.0
419.6805344,974.9588193,40.0
417.6808902,974.9443704,40.0
415.6813485,974.9279202,40.0
413.6817142,974.9102214,40.0
411.6821043,974.8918796,40.0
409.6825661,974.8733439,40.0
407.6829487,974.8549239,40.0
405.6833424,974.8368269,40.0
403.6837759,974.8191664,40.0
401.6841291,974.8019686,40.0
399.6845213,974.7852285,40.0
397.6848993,974.7689367,40.0
395.6853023,974.7530671,40.0
393.6856972,974.7375804,40.0
391.6860776,974.722431,40.0
389.6864687,974.7075803,40.0
387.6868564,974.6929973,40.0
385.6872316,974.6786607,40.0
383.6876171,974.6645592,40.0
381.6879993,974.6506897,40.0
379.6883702,974.6370567,40.0
377.6887504,974.6236714,40.0
375.6891272,974.6105492,40.0
373.6894936,974.5977093,40.0
371.6898678,974.5851734,40.0
369.6902386,974.5729646,40.0
367.6905997,974.561107,40.0
365.6909671,974.549625,40.0
363.691331,974.538543,40.0
361.6916861,974.5278858,40.0
359.6920462,974.517678,40.0
357.6924028,974.507945,40.0
355.6927516,974.4987131,40.0
353.6931041,974.4900103,40.0
351.6934533,974.4818672,40.0
349.6937958,974.4743182,40.0
347.6941409,974.4674027,40.0
345.6944829,974.4611664,40.0
343.6948196,974.4556627,40.0
341.6951578,974.4509549,40.0
339.6954934,974.4471165,40.0
337.6958256,974.4442327,40.0
335.6961588,974.4424017,40.0
333.6964903,974.4417324,40.0
331.6968219,974.4423445,40.0
329.6971547,974.4443653,40.0
327.6974888,974.4479233,40.0
325.6978288,974.4531436,40.0
323.6981722,974.4601355,40.0
321.6985218,974.4689823,40.0
319.6988856,974.4797272,40.0
317.6992553,974.4923502,40.0
315.6996365,974.5067547,40.0
313.7000351,974.5227442,40.0
311.7004377,974.539989,40.0
309.7008483,974.5580187,40.0
307.701262,974.5761965,40.0
305.701667,974.5937005,40.0
303.7020609,974.6095512,40.0
301.7024323,974.6226214,40.0
299.7027868,974.6316944,40.0
297.703123,974.6355369,40.0
295.7034652,974.6329572,40.0
293.7038301,974.6228823,40.0
291.7042435,974.6043732,40.0
289.7048045,974.5766488,40.0
287.7054924,974.539082,40.0
285.7063815,974.4911693,40.0
283.7076462,974.4325237,40.0
281.7091855,974.3628412,40.0
279.7111231,974.281887,40.0
277.7136636,974.1894892,40.0
275.7167951,974.0855514,40.0
273.720423,973.9700958,40.0
271.7254124,973.8433129,40.0
269.7303257,973.7049065,40.0
267.736072,973.5546813,40.0
265.743337,973.3925948,40.0
263.7509577,973.2185032,40.0
261.7598485,973.0324509,40.0
259.7702156,972.8344299,40.0
257.7813521,972.6243399,40.0
255.7940246,972.4022323,40.0
253.808179,972.1680769,40.0
251.8235579,971.92182,40.0
249.8406431,971.6634972,40.0
247.8593275,971.3930678,40.0
245.8796595,971.1105411,40.0
243.9018013,970.8158893,40.0
241.9256266,970.5088822,40.0
239.9517144,970.1894717,40.0
237.9796131,969.8575911,40.0
236.0096616,969.5135221,40.0
234.0422752,969.1574317,40.0
232.0766192,968.7891392,40.0
230.1133969,968.4087425,40.0
228.1529267,968.016268,40.0
226.1944301,967.6115097,40.0
224.2386655,967.1945665,40.0
222.285885,966.765438,40.0
220.3353333,966.3238955,40.0
218.3878107,965.8700557,40.0
216.4435334,965.4039146,40.0
214.5017452,964.9252319,40.0
212.5632805,964.4341568,40.0
210.6283354,963.9307073,40.0
208.6961311,963.4146486,40.0
206.7675457,962.8861613,40.0
204.842734,962.3452432,40.0
202.9209604,961.7916427,40.0
201.0030739,961.225568,40.0
199.0892128,960.647034,40.0
197.1786985,960.0558025,40.0
195.2723253,959.4520857,40.0
193.3702309,958.8359019,40.0
191.4718006,958.207019,40.0
189.5777614,957.5656437,40.0
187.6882597,956.9117981,40.0
185.8027485,956.2452584,40.0
183.9218785,955.5662182,40.0
182.0458105,954.8747056,40.0
180.1740683,954.1705085,40.0
178.3072193,953.4538021,40.0
176.4454431,952.7246228,40.0
174.5883348,951.9827743,40.0
172.7363752,951.2284092,40.0
170.8897644,950.4615746,40.0
169.0481687,949.6820937,40.0
167.2119814,948.8900928,40.0
165.3814236,948.0856319,40.0
163.5562308,947.2685562,40.0
161.7367115,946.4389632,40.0
159.9231065,945.5969262,40.0
158.1152177,944.7423148,40.0
156.3132731,943.8751958,40.0
154.5175328,942.9956568,40.0
152.727861,942.1035892,40.0
150.9444257,941.1990264,40.0
149.1674775,940.28206,40.0
147.396947,939.3526253,40.0
145.6329254,938.410737,40.0
143.8756838,937.4565072,40.0
142.1251981,936.489892,40.0
140.3814985,935.5108781,40.0
138.6448714,934.5196019,40.0
136.9153215,933.5160478,40.0
135.1928203,932.5001828,40.0
133.4776678,931.4721747,40.0
131.7698923,930.4320387,40.0
130.0694049,929.3797208,40.0
128.3765197,928.3154212,40.0
126.6912883,927.2391838,40.0
125.0135632,926.1509238,40.0
123.3436785,925.0508673,40.0
121.681712,923.9390764,40.0
120.0274714,922.8154264,40.0
118.3813097,921.680157,40.0
116.7433096,920.5333277,40.0
115.1133161,919.3748284,40.0
113.4916154,918.204863,40.0
111.8783137,917.0235203,40.0
110.2732808,915.8307235,40.0
108.6767219,914.6266558,40.0
107.0887559,913.4114482,40.0
105.5092748,912.1850608,40.0
103.9384125,910.9476373,40.0
102.3763141,909.6993311,40.0
100.82291,908.4401198,40.0
99.2782775,907.1700892,40.0
97.7425959,905.8894029,40.0
96.2158424,904.5980489,40.0
94.6980482,903.2960484,40.0
93.1894271,901.9835726,40.0
91.6900012,900.660623,40.0
90.1997593,899.3271635,40.0
88.71894,897.9833792,40.0
87.2475994,896.6292939,40.0
85.7856854,895.2648291,40.0
84.3334474,893.8901899,40.0
82.8909598,892.5054252,40.0
81.4581442,891.1104388,40.0
80.0352382,889.705446,40.0
78.6223105,888.2905072,40.0
77.2193165,886.8655729,40.0
75.8264222,885.4308125,40.0
74.4437047,883.9863138,40.0
73.0711479,882.5320717,40.0
71.7088595,881.0682164,40.0
70.3569181,879.5948538,40.0
69.0153314,878.1120154,40.0
67.6841687,876.6198029,40.0
66.3635045,875.1183256,40.0
65.0533657,873.6076389,40.0
63.7538096,872.0878312,40.0
62.4649022,870.5590001,40.0
61.1866808,869.0212036,40.0
59.9192216,867.4745415,40.0
58.6625708,865.9190839,40.0
57.4167964,864.354862,40.0
56.1821636,862.7820899,40.0
54.9586147,861.2006304,40.0
53.7459434,859.6102646,40.0
52.5447685,858.0119283,40.0
51.3546392,856.4050303,40.0
50.1756034,854.7896058,40.0
49.0081681,853.1663411,40.0
47.8520542,851.534842,40.0
46.7072292,849.8950449,40.0
45.5741052,848.2475354,40.0
44.4525437,846.5921169,40.0
43.3424592,844.9286578,40.0
42.2441659,843.2576355,40.0
41.1576428,841.5790445,40.0
40.082743,839.892658,40.0
39.0196609,838.1989366,40.0
37.9680733,836.4977666,40.0
36.9282865,834.7896215,40.0
35.900418,833.074463,40.0
34.884345,831.3519119,40.0
33.8804674,829.6226319,40.0
32.8886581,827.8864549,40.0
31.908718,826.1430549,40.0
30.9410643,824.3932091,40.0
29.9856266,822.6368417,40.0
29.0421154,820.8734556,40.0
28.1109537,819.1038848,40.0
27.1921146,817.3281423,40.0
26.2852771,815.5456594,40.0
25.3908113,813.7572232,40.0
24.5087061,811.9628575,40.0
23.6388531,810.1622903,40.0
22.7815636,808.3559767,40.0
21.9365553,806.5435068,40.0
21.1039388,804.7255454,40.0
20.2835684,802.9019977,40.0
19.4753356,801.0727904,40.0
18.6793753,799.238408,40.0
17.8956165,797.3988862,40.0
17.1238799,795.5540036,40.0
16.3642615,793.7041968,40.0
15.6167632,791.8496907,40.0
14.8811606,789.9901329,40.0
14.1575198,788.1258781,40.0
13.4459304,786.2573429,40.0
12.7461475,784.3840401,40.0
12.0582247,782.5062356,40.0
11.3823387,780.624532,40.0
10.7182358,778.7383131,40.0
10.0659585,776.8477616,40.0
9.425749,774.9536596,40.0
8.7973368,773.0552776,40.0
8.180749,771.1527259,40.0
7.5762786,769.2469497,40.0
6.9836507,767.3371172,40.0
6.4028838,765.4232964,40.0
5.8342777,763.5065209,40.0
5.277562,761.5859332,40.0
4.7327431,759.6615817,40.0
4.2000892,757.734474,40.0
3.679371,755.8038425,40.0
3.1705471,753.8696576,40.0
2.6737741,751.9329325,40.0
2.1886447,749.9930126,40.0
1.7152042,748.0499626,40.0
1.2538607,746.1045726,40.0
0.8045376,744.1563034,40.0
0.3671337,742.2045666,40.0
-0.0579165,740.2512348,40.0
-0.4708831,738.295043,40.0
-0.8713761,736.3349466,40.0
-1.2580561,734.3739204,40.0
-1.6318002,732.4093825,40.0
-1.993044,730.4416781,40.0
-2.3417333,728.4731104,40.0
-2.6782801,726.5015832,40.0
-3.0024762,724.5282305,40.0
-3.3144815,722.5526612,40.0
-3.6146052,720.5755596,40.0
-3.903103,718.5972386,40.0
-4.1801292,716.6166055,40.0
-4.4451028,714.6346188,40.0
-4.6977759,712.6511735,40.0
-4.9382775,710.6657166,40.0
-5.1664898,708.6791733,40.0
-5.382422,706.6914134,40.0
-5.586146,704.7018421,40.0
-5.7775669,702.7114358,40.0
-5.9567196,700.7200167,40.0
-6.1236773,698.7270261,40.0
-6.2783982,696.7334578,40.0
-6.420965,694.7390708,40.0
-6.5514909,692.7433682,40.0
-6.6700269,690.7473506,40.0
-6.7767803,688.7507141,40.0
-6.8720223,686.753218,40.0
-6.9559411,684.7554575,40.0
-7.0288041,682.7571681,40.0
-7.0909581,680.7584195,40.0
-7.1428757,678.7594668,40.0
-7.1851503,676.7602737,40.0
-7.2184881,674.760873,40.0
-7.2437267,672.7613843,40.0
-7.2618129,670.7618043,40.0
-7.2737865,668.7621776,40.0
-7.2807345,666.7625252,40.0
-7.2837319,664.762855,40.0
-7.2837952,662.7631957,40.0
-7.2818152,660.7635253,40.0
-7.2785444,658.7638529,40.0
-7.2745779,656.7641974,40.0
-7.2703492,654.7645295,40.0
-7.2661619,652.7648587,40.0
-7.2621996,650.7652032,40.0
-7.2585502,648.7655343,40.0
-7.2552379,646.7658617,40.0
-7.2522393,644.7662048,40.0
-7.2495042,642.7665345,40.0
-7.2469722,640.7668605,40.0
-7.2445807,638.767203,40.0
-7.2422747,636.7675322,40.0
-7.2400087,634.7678577,40.0
-7.2377488,632.7682001,40.0
-7.2354729,630.7685294,40.0
-7.2331681,628.7688548,40.0
-7.2308296,626.7691977,40.0
-7.2284552,624.7695219,40.0
-7.2260463,622.7698491,40.0
-7.2236085,620.7701788,40.0
-7.221153,618.7705107,40.0
-7.2186895,616.7708443,40.0
-7.2162237,614.7711763,40.0
-7.2137604,612.7715088,40.0
-7.2113029,610.7718419,40.0
-7.2088534,608.7721737,40.0
-7.2064131,606.7725064,40.0
-7.2039823,604.7728394,40.0
-7.201561,602.7731711,40.0
-7.1991485,600.7735038,40.0
-7.1967444,598.7738368,40.0
-7.1943477,596.7741685,40.0
-7.191958,594.7745012,40.0
-7.1895746,592.7748341,40.0
-7.1871971,590.7751658,40.0
-7.1848252,588.7754985,40.0
-7.1824588,586.7758314,40.0
-7.1800977,584.776163,40.0
-7.177742,582.7764957,40.0
-7.1753917,580.7768286,40.0
-7.1730469,578.7771602,40.0
-7.1707078,576.7774928,40.0
-7.1683742,574.7778257,40.0
-7.1660465,572.7781573,40.0
-7.1637246,570.7784899,40.0
-7.1614085,568.7788228,40.0
-7.1590984,566.7791544,40.0
-7.1567942,564.7794869,40.0
-7.1544959,562.7798198,40.0
-7.1522036,560.7801514,40.0
-7.1499172,558.7804839,40.0
-7.1476367,556.7808167,40.0
-7.1453621,554.7811483,40.0
-7.1430934,552.7814808,40.0
-7.1408306,550.7818136,40.0
-7.1385736,548.7821452,40.0
-7.1363225,546.7824777,40.0
-7.1340773,544.7828104,40.0
-7.1318378,542.783142,40.0
-7.1296042,540.7834744,40.0
-7.1273763,538.7838072,40.0
-7.1251542,536.7841387,40.0
-7.1229379,534.7844712,40.0
-7.1207273,532.7848039,40.0
-7.1185225,530.7851354,40.0
-7.1163234,528.7854678,40.0
-7.11413,526.7858005,40.0
-7.1119422,524.7861321,40.0
-7.1097602,522.7864644,40.0
-7.1075838,520.7867971,40.0
-7.105413,518.7871286,40.0
-7.1032478,516.787461,40.0
-7.1010883,514.7877937,40.0
-7.0989343,512.7881252,40.0
-7.0967858,510.7884575,40.0
-7.0946429,508.7887902,40.0
-7.0925055,506.7891216,40.0
-7.0903736,504.789454,40.0
-7.0882472,502.7897866,40.0
-7.0861262,500.790118,40.0
-7.0840107,498.7904505,40.0
-7.081901,496.7907831,40.0
-7.0797973,494.7911155,40.0
-7.0776993,492.7914478,40.0
-7.0756068,490.7917796,40.0
-7.0735196,488.792112,40.0
-7.0714376,486.792444,40.0
-7.069361,484.7927759,40.0
-7.0672896,482.7931082,40.0
-7.0652234,480.7934402,40.0
-7.0631625,478.7937721,40.0
-7.0611067,476.7941044,40.0
-7.0590561,474.7944364,40.0
-7.0570107,472.7947683,40.0
-7.0549704,470.7951006,40.0
-7.0529351,468.7954325,40.0
-7.050905,466.7957644,40.0
-7.0488799,464.7960967,40.0
-7.0468598,462.7964286,40.0
-7.0448448,460.7967605,40.0
-7.0428347,458.7970927,40.0
-7.0408297,456.7974247,40.0
-7.0388295,454.7977565,40.0
-7.0368343,452.7980887,40.0
-7.034844,450.7984207,40.0
-7.0328586,448.7987525,40.0
-7.030878,446.7990847,40.0
-7.0289023,444.7994166,40.0
-7.0269314,442.7997484,40.0
-7.0249653,440.8000806,40.0
-7.023004,438.8004125,40.0
-7.0210474,436.8007443,40.0
-7.0190956,434.8010765,40.0
-7.0171485,432.8014084,40.0
-7.0152061,430.8017402,40.0
-7.0132683,428.8020723,40.0
-7.0113352,426.8024042,40.0
-7.0094067,424.802736,40.0
-7.0074829,422.8030681,40.0
-7.0055636,420.8034,40.0
-7.0036489,418.8037318,40.0
-7.0017388,416.8040639,40.0
-6.9998331,414.8043958,40.0
-6.997932,412.8047275,40.0
-6.9960354,410.8050596,40.0
-6.9941432,408.8053915,40.0
-6.9922555,406.8057232,40.0
-6.9903723,404.8060553,40.0
-6.9884934,402.8063871,40.0
-6.9866189,400.8067189,40.0
-6.9847488,398.8070509,40.0
-6.9828831,396.8073828,40.0
-6.9810217,394.8077145,40.0
-6.9791646,392.8080465,40.0
-6.9773118,390.8083784,40.0
-6.9754633,388.8087101,40.0
-6.973619,386.8090421,40.0
-6.971779,384.8093739,40.0
-6.9699432,382.8097057,40.0
-6.9681117,380.8100377,40.0
-6.9662843,378.8103695,40.0
-6.9644611,376.8107012,40.0
-6.962642,374.8110332,40.0
-6.9608271,372.811365,40.0
-6.9590163,370.8116967,40.0
-6.9572096,368.8120286,40.0
-6.955407,366.8123604,40.0
-6.9536085,364.8126921,40.0
-6.951814,362.8130241,40.0
-6.9500235,360.8133558,40.0
-6.9482371,358.8136876,40.0
-6.9464547,356.8140195,40.0
-6.9446763,354.8143512,40.0
-6.9429018,352.8146829,40.0
-6.9411313,350.8150148,40.0
-6.9393648,348.8153466,40.0
-6.9376021,346.8156783,40.0
-6.9358434,344.8160102,40.0
-6.9340886,342.8163419,40.0
-6.9323376,340.8166736,40.0
-6.9305906,338.8170055,40.0
-6.9288473,336.8173372,40.0
-6.9271079,334.8176689,40.0
-6.9253724,332.8180008,40.0
-6.9236406,330.8183325,40.0
-6.9219127,328.8186642,40.0
-6.9201885,326.818996,40.0
-6.9184681,324.8193277,40.0
-6.9167514,322.8196594,40.0
-6.9150385,320.8199912,40.0
-6.9133293,318.8203229,40.0
-6.9116238,316.8206546,40.0
-6.909922,314.8209864,40.0
-6.9082239,312.8213181,40.0
-6.9065295,310.8216498,40.0
-6.9048387,308.8219816,40.0
-6.9031516,306.8223133,40.0
-6.9014681,304.822645,40.0
-6.8997882,302.8229767,40.0
-6.898112,300.8233084,40.0
-6.8964393,298.8236401,40.0
-6.8947703,296.8239718,40.0
-6.8931048,294.8243035,40.0
-6.8914429,292.8246352,40.0
-6.8897845,290.8249669,40.0
-6.8881297,288.8252986,40.0
-6.8864784,286.8256303,40.0
-6.8848306,284.825962,40.0
-6.8831864,282.8262936,40.0
-6.8815456,280.8266253,40.0
-6.8799084,278.826957,40.0
-6.8782746,276.8272886,40.0
-6.8766443,274.8276203,40.0
-6.8750174,272.827952,40.0
-6.873394,270.8282836,40.0
-6.871774,268.8286153,40.0
-6.8701575,266.828947,40.0
-6.8685443,264.8292786,40.0
-6.8669346,262.8296103,40.0
-6.8653283,260.8299419,40.0
-6.8637254,258.8302736,40.0
-6.8621259,256.8306052,40.0
-6.8605297,254.8309368,40.0
-6.8589369,252.8312685,40.0
-6.8573475,250.8316001,40.0
-6.8557614,248.8319317,40.0
-6.8541787,246.8322634,40.0
-6.8525992,244.832595,40.0
-6.8510231,242.8329265,40.0
-6.8494501,240.8332581,40.0
-6.8478804,238.8335899,40.0
-6.8463139,236.8339212,40.0
-6.8447508,234.8342529,40.0
-6.8431909,232.8345847,40.0
-6.8416344,230.8349161,40.0
-6.8400811,228.8352478,40.0
-6.8385311,226.8355795,40.0
-6.8369843,224.8359109,40.0
-6.8354408,222.8362426,40.0
-6.8339006,220.8365744,40.0
-6.8323636,218.8369057,40.0
-6.8308298,216.8372374,40.0
-6.8292993,214.8375691,40.0
-6.827772,212.8379005,40.0
-6.826248,210.8382321,40.0
-6.8247271,208.8385639,40.0
-6.8232095,206.8388953,40.0
-6.8216951,204.8392269,40.0
-6.8201839,202.8395586,40.0
-6.8186759,200.83989,40.0
-6.8171712,198.8402216,40.0
-6.8156696,196.8405534,40.0
-6.8141712,194.8408847,40.0
-6.812676,192.8412163,40.0
-6.811184,190.8415481,40.0
-6.8096952,188.8418794,40.0
-6.8082095,186.842211,40.0
-6.8067271,184.8425427,40.0
-6.8052478,182.8428741,40.0
-6.8037717,180.8432057,40.0
-6.8022988,178.8435374,40.0
-6.8008291,176.8438688,40.0
-6.7993625,174.8442003,40.0
-6.7978991,172.844532,40.0
-6.7964389,170.8448634,40.0
-6.7949819,168.845195,40.0
-6.793528,166.8455266,40.0
-6.7920774,164.845858,40.0
-6.7906299,162.8461896,40.0
-6.7891856,160.8465212,40.0
-6.7877444,158.8468526,40.0
-6.7863065,156.8471841,40.0
-6.7848718,154.8475158,40.0
-6.7834402,152.8478472,40.0
-6.7820118,150.8481787,40.0
-6.7805867,148.8485103,40.0
-6.7791647,146.8488417,40.0
-6.7777459,144.8491733,40.0
-6.7763304,142.8495049,40.0
-6.774918,140.8498363,40.0
-6.7735089,138.8501678,40.0
-6.772103,136.8504994,40.0
-6.7707004,134.8508308,40.0
-6.769301,132.8511623,40.0
-6.7679048,130.8514939,40.0
-6.7665119,128.8518253,40.0
-6.7651223,126.8521568,40.0
-6.7637359,124.8524883,40.0
-6.7623528,122.8528197,40.0
-6.760973,120.8531512,40.0
-6.7595965,118.8534828,40.0
-6.7582233,116.8538142,40.0
-6.7568535,114.8541457,40.0
-6.755487,112.8544772,40.0
-6.7541238,110.8548086,40.0
-6.752764,108.8551401,40.0
-6.7514076,106.8554716,40.0
-6.7500546,104.855803,40.0
-6.748705,102.8561345,40.0
-6.7473588,100.856466,40.0
-6.7460161,98.8567974,40.0
-6.7446768,96.8571289,40.0
-6.7433411,94.8574604,40.0
-6.7420088,92.8577918,40.0
-6.74068,90.8581232,40.0
-6.7393548,88.8584547,40.0
-6.7380331,86.8587861,40.0
-6.736715,84.8591175,40.0
-6.7354006,82.859449,40.0
-6.7340897,80.8597804,40.0
-6.7327826,78.8601119,40.0
-6.7314791,76.8604433,40.0
-6.7301793,74.8607747,40.0
-6.7288833,72.8611062,40.0
-6.7275911,70.8614376,40.0
-6.7263026,68.861769,40.0
-6.7250181,66.8621004,40.0
-6.7237374,64.8624319,40.0
-6.7224606,62.8627633,40.0
-6.7211877,60.8630947,40.0
-6.7199188,58.8634261,40.0
-6.718654,56.8637575,40.0
-6.7173932,54.8640889,40.0
-6.7161366,52.8644203,40.0
-6.7148841,50.8647517,40.0
-6.7136358,48.8650831,40.0
-6.7123918,46.8654145,40.0
-6.711152,44.8657459,40.0
-6.7099166,42.8660773,40.0
-6.7086856,40.8664087,40.0
-6.7074591,38.86674,40.0
-6.7062371,36.8670714,40.0
-6.7050197,34.8674028,40.0
-6.7038069,32.8677342,40.0
-6.7025988,30.8680656,40.0
-6.7013955,28.8683969,40.0
-6.7001971,26.8687283,40.0
-6.6990035,24.8690597,40.0
-6.697815,22.869391,40.0
-6.6966315,20.8697224,40.0
-6.6954532,18.8700537,40.0
-6.6942801,16.8703851,40.0
-6.6931123,14.8707164,40.0
-6.6919499,12.8710478,40.0
-6.6907931,10.8713791,40.0
-6.6896418,8.8717105,40.0
-6.6884963,6.8720418,40.0
-6.6873565,4.8723731,40.0
-6.6862227,2.8727045,40.0
-6.6850949,0.8730358,40.0
-6.6839732,-1.1266329,40.0
-6.6828579,-3.1263016,40.0
-6.6817489,-5.1259702,40.0
-6.6806464,-7.125639,40.0
-6.6795506,-9.1253076,40.0
-6.6784617,-11.1249763,40.0
-6.6773796,-13.1246451,40.0
-6.6763047,-15.1243137,40.0
-6.6752371,-17.1239824,40.0
-6.6741769,-19.1236512,40.0
-6.6731243,-21.1233198,40.0
-6.6720795,-23.1229886,40.0
-6.6710426,-25.1226574,40.0
-6.6700139,-27.122326,40.0
-6.6689936,-29.1219947,40.0
-6.6679819,-31.1216636,40.0
-6.666979,-33.1213322,40.0
-6.665985,-35.121001,40.0
-6.6650004,-37.1206698,40.0
-6.6640252,-39.1203385,40.0
-6.6630599,-41.1200072,40.0
-6.6621045,-43.1196761,40.0
-6.6611595,-45.1193448,40.0
-6.660225,-47.1190135,40.0
-6.6593015,-49.1186824,40.0
-6.6583891,-51.1183511,40.0
-6.6574883,-53.1180199,40.0
-6.6565994,-55.1176888,40.0
-6.6557228,-57.1173575,40.0
-6.6548587,-59.1170263,40.0
-6.6540077,-61.1166952,40.0
-6.65317,-63.1163639,40.0
-6.6523462,-65.1160327,40.0
-6.6515366,-67.1157017,40.0
-6.6507418,-69.1153704,40.0
-6.6499622,-71.1150392,40.0
-6.6491983,-73.1147082,40.0
-6.6484507,-75.1143769,40.0
-6.6477198,-77.1140458,40.0
-6.6470063,-79.1137148,40.0
-6.6463108,-81.1133835,40.0
-6.6456338,-83.1130524,40.0
-6.6449762,-85.1127214,40.0
-6.6443384,-87.1123902,40.0
-6.6437213,-89.1120591,40.0
-6.6431256,-91.1117281,40.0
-6.6425521,-93.1113969,40.0
-6.6420016,-95.1110658,40.0
-6.641475,-97.1107349,40.0
-6.6409732,-99.1104036,40.0
-6.6404971,-101.1100726,40.0
-6.6400478,-103.1097417,40.0
-6.6396263,-105.1094105,40.0
-6.6392336,-107.1090794,40.0
-6.638871,-109.1087485,40.0
-6.6385396,-111.1084173,40.0
-6.6382407,-113.1080863,40.0
-6.6379756,-115.1077555,40.0
-6.6377456,-117.1074243,40.0
-6.6375522,-119.1070932,40.0
-6.637397,-121.1067624,40.0
-6.6372814,-123.1064312,40.0
-6.6372072,-125.1061002,40.0
-6.637176,-127.1057694,40.0
-6.6371898,-129.1054382,40.0
-6.6372502,-131.1051072,40.0
-6.6373595,-133.1047764,40.0
-6.6375196,-135.1044451,40.0
-6.6377327,-137.1041141,40.0
-6.6380013,-139.1037833,40.0
-6.6383277,-141.1034521,40.0
-6.6387146,-143.103121,40.0
-6.6391647,-145.1027902,40.0
-6.6396811,-147.1024589,40.0
-6.6402667,-149.1021278,40.0
-6.640925,-151.1017969,40.0
-6.6416595,-153.1014655,40.0
-6.6424739,-155.1011344,40.0
-6.6433721,-157.1008034,40.0
-6.6443583,-159.1004719,40.0
-6.6454369,-161.1001406,40.0
-6.6466124,-163.0998095,40.0
-6.6478894,-165.0994778,40.0
-6.6492726,-167.0991463,40.0
-6.6507668,-169.098815,40.0
-6.6523768,-171.0984831,40.0
-6.6541072,-173.0981513,40.0
-6.6559627,-175.0978197,40.0
-6.6579474,-177.0974875,40.0
-6.6600655,-179.0971553,40.0
-6.6623208,-181.0968233,40.0
-6.6647168,-183.0964906,40.0
-6.667257,-185.096158,40.0
-6.6699448,-187.0958255,40.0
-6.6727839,-189.0954921,40.0
-6.6757784,-191.0951589,40.0
-6.6789338,-193.0948257,40.0
-6.682257,-195.0944916,40.0
-6.6857574,-197.0941575,40.0
-6.6894481,-199.0938235,40.0
-6.693346,-201.0934883,40.0
-6.6974743,-203.093153,40.0
-6.7018627,-205.0928176,40.0
-6.7065488,-207.0924806,40.0
-6.7115798,-209.0921432,40.0
-6.7170131,-211.0918053,40.0
-6.7229167,-213.091465,40.0
-6.7293701,-215.0911234,40.0
-6.7364631,-217.0907806,40.0
-6.7442945,-219.0904332,40.0
-6.75297,-221.0900831,40.0
-6.7625975,-223.0897302,40.0
-6.7732825,-225.0893689,40.0
-6.7851203,-227.0890025,40.0
-6.7981861,-229.0886308,40.0
-6.8125272,-231.0882459,40.0
-6.8281446,-233.0878538,40.0
-6.8449801,-235.0874544,40.0
-6.8629034,-237.0870409,40.0
-6.8816823,-239.0866227,40.0
-6.9009699,-241.0861998,40.0
-6.9202897,-243.0857763,40.0
-6.9390026,-245.0853598,40.0
-6.956314,-247.0849509,40.0
-6.9712801,-249.0845685,40.0
-6.9828189,-251.0842027,40.0
-6.9897806,-253.0838554,40.0
-6.9909954,-255.0835214,40.0
-6.9853572,-257.0831681,40.0
-6.9718792,-259.0828053,40.0
-6.949724,-261.0823299,40.0
-6.91824,-263.0816898,40.0
-6.8769548,-265.0810098,40.0